PDFURL,出題形式,解答形式,単元（新）,対応する画像ファイル名
本誌_高校リード_英語１.pdf,要点整理?,,文の種類と文構造 > 五文型,14_1_1.webp
本誌_高校リード_英語１.pdf,文法,記述式,"文の種類と文構造 > 五文型,文の種類と文構造 > 五文型,文の種類と文構造 > 五文型",14_2_1.webp
本誌_高校リード_英語１.pdf,文法,記述式,"文の種類と文構造 > 五文型,文の種類と文構造 > 五文型,文の種類と文構造 > 五文型",14_3_1.webp
本誌_高校リード_英語１.pdf,要点整理?,,文の種類と文構造 > 五文型,14_4_1.webp
本誌_高校リード_英語１.pdf,"英文和訳?, 文法?",記述式,文の種類と文構造 > 五文型,14_5_1.webp
本誌_高校リード_英語１.pdf,"言い換え??, 文法?",記述式,"文の種類と文構造 > 五文型,文の種類と文構造 > 五文型",14_6_1.webp
本誌_高校リード_英語１.pdf,"英文和訳??, 文法?",記述式,文の種類と文構造 > 五文型,14_7_1.webp
本誌_高校リード_英語１.pdf,文法,記述式,"文の種類と文構造 > 五文型,文の種類と文構造 > 五文型",14_8_1.webp
本誌_高校リード_英語１.pdf,文法,選択式,"文の種類と文構造 > 五文型,文の種類と文構造 > 五文型,文の種類と文構造 > 五文型,文の種類と文構造 > 五文型,文の種類と文構造 > 五文型",14_9_1.webp
本誌_高校リード_英語１.pdf,"英文和訳??, 文法?",記述式,"文の種類と文構造 > 五文型,文の種類と文構造 > 五文型",14_10_1.webp
本誌_高校リード_英語１.pdf,"英文和訳??, 文法?",記述式,"文の種類と文構造 > 五文型,文の種類と文構造 > 五文型",14_11_1.webp
本誌_高校リード_英語１.pdf,文法,記述式,"文の種類と文構造 > 五文型,文の種類と文構造 > 五文型",14_12_1.webp
本誌_高校リード_英語１.pdf,文法,選択式,"文の種類と文構造 > 五文型,文の種類と文構造 > 五文型,文の種類と文構造 > 五文型,文の種類と文構造 > 五文型",14_13_1.webp
本誌_高校リード_英語１.pdf,"言い換え??, 文法?",記述式,"文の種類と文構造 > 五文型,文の種類と文構造 > 五文型,文の種類と文構造 > 五文型",14_14_1.webp
本誌_高校リード_英語１.pdf,文法,記述式,"文の種類と文構造 > 五文型,文の種類と文構造 > 五文型",14_15_1.webp
本誌_高校リード_英語１.pdf,"英文和訳??, 文法?",記述式,"文の種類と文構造 > 五文型,文の種類と文構造 > 五文型,文の種類と文構造 > 五文型",14_16_1.webp
本誌_高校リード_英語１.pdf,"和文英訳??, 文法?",記述式,"文の種類と文構造 > 五文型,文の種類と文構造 > 五文型",14_17_1.webp
本誌_高校リード_英語１.pdf,要点整理?,,文の種類と文構造 > 五文型,14_18_1.webp
本誌_高校リード_英語１.pdf,文法,記述式,"動詞と時制 > 現在形, 動詞と時制 > 過去形, 動詞と時制 > 未来を表す表現（will）",14_19_1.webp
本誌_高校リード_英語１.pdf,要点整理?,,"文の種類と文構造 > 五文型, 疑問文と疑問詞 > 選択疑問文",14_20_1.webp
本誌_高校リード_英語１.pdf,文法,記述式,"動詞と時制 > 現在形, 動詞と時制 > 過去形, 動詞と時制 > 未来を表す表現（will）",14_21_1.webp
本誌_高校リード_英語１.pdf,要点整理?,,"疑問文と疑問詞 > 付加疑問文, 疑問文と疑問詞 > 否定疑問文",14_22_1.webp
本誌_高校リード_英語１.pdf,文法,記述式,疑問文と疑問詞 > 付加疑問文,14_23_1.webp
本誌_高校リード_英語１.pdf,要点整理?,,"文の種類と文構造 > 命令文, 文の種類と文構造 > 感嘆文",14_24_1.webp
本誌_高校リード_英語１.pdf,"文法, 英文和訳?",記述式,"文の種類と文構造 > 命令文, 文の種類と文構造 > 感嘆文",14_25_1.webp
本誌_高校リード_英語１.pdf,文法,記述式,"動詞と時制 > 現在形, 動詞と時制 > 過去形, 動詞と時制 > 未来を表す表現（will）",14_26_1.webp
本誌_高校リード_英語１.pdf,文法,記述式,"動詞と時制 > 現在形, 動詞と時制 > 過去形, 動詞と時制 > 未来を表す表現（will）",14_27_1.webp
本誌_高校リード_英語１.pdf,"文法, 和文英訳?",記述式,"疑問文と疑問詞 > 疑問詞,疑問文と疑問詞 > 疑問詞,疑問文と疑問詞 > 疑問詞,疑問文と疑問詞 > 疑問詞",14_28_1.webp
本誌_高校リード_英語１.pdf,文法,選択式,"疑問文と疑問詞 > 選択疑問文,疑問文と疑問詞 > 疑問詞",14_29_1.webp
本誌_高校リード_英語１.pdf,文法,記述式,疑問文と疑問詞 > 付加疑問文,14_30_1.webp
本誌_高校リード_英語１.pdf,文法,記述式,疑問文と疑問詞 > 否定疑問文,14_31_1.webp
本誌_高校リード_英語１.pdf,文法,記述式,"文の種類と文構造 > 命令文,文の種類と文構造 > 命令文,文の種類と文構造 > Let's 〜の表現",14_32_1.webp
本誌_高校リード_英語１.pdf,文法,記述式,文の種類と文構造 > 感嘆文,14_33_1.webp
本誌_高校リード_英語１.pdf,文法,記述式,文の種類と文構造 > 感嘆文,14_34_1.webp
本誌_高校リード_英語１.pdf,文法,記述式,"疑問文と疑問詞 > 疑問詞,疑問文と疑問詞 > 疑問詞,疑問文と疑問詞 > 疑問詞,疑問文と疑問詞 > 疑問詞,疑問文と疑問詞 > 疑問詞",14_35_1.webp
本誌_高校リード_英語１.pdf,文法,選択式,"文の種類と文構造 > Let's 〜の表現,疑問文と疑問詞 > 選択疑問文,疑問文と疑問詞 > 付加疑問文",14_36_1.webp
本誌_高校リード_英語１.pdf,"英文和訳??, 文法?",記述式,"文の種類と文構造 > 命令文,文の種類と文構造 > 感嘆文,疑問文と疑問詞 > 疑問詞",14_37_1.webp
本誌_高校リード_英語１.pdf,文法,記述式,"文の種類と文構造 > 感嘆文,疑問文と疑問詞 > 疑問詞,疑問文と疑問詞 > 付加疑問文",14_38_1.webp
本誌_高校リード_英語１.pdf,"言い換え??, 文法?",記述式,"文の種類と文構造 > 命令文,文の種類と文構造 > 感嘆文",14_39_1.webp
本誌_高校リード_英語１.pdf,文法,記述式,"文の種類と文構造 > 感嘆文,疑問文と疑問詞 > 疑問詞,疑問文と疑問詞 > 疑問詞,疑問文と疑問詞 > 付加疑問文",14_40_1.webp
本誌_高校リード_英語１.pdf,文法,記述式,"文の種類と文構造 > 感嘆文,疑問文と疑問詞 > 疑問詞,疑問文と疑問詞 > 疑問詞",14_41_1.webp
本誌_高校リード_英語１.pdf,"和文英訳??, 文法?",記述式,"文の種類と文構造 > 命令文,文の種類と文構造 > 感嘆文",14_42_1.webp
本誌_高校リード_英語１.pdf,要点整理?,,"動詞と時制 > 現在形, 動詞と時制 > 過去形",14_43_1.webp
本誌_高校リード_英語１.pdf,文法,記述式,動詞と時制 > 過去形,14_44_1.webp
本誌_高校リード_英語１.pdf,文法,記述式,"動詞と時制 > 現在形,動詞と時制 > 過去形",14_45_1.webp
本誌_高校リード_英語１.pdf,文法,記述式,動詞と時制 > 過去形,14_46_1.webp
本誌_高校リード_英語１.pdf,要点整理?,,"動詞と時制 > 未来を表す表現（will）, 動詞と時制 > 未来を表す表現（be going to）",14_47_1.webp
本誌_高校リード_英語１.pdf,文法,記述式,動詞と時制 > 未来を表す表現（will）,14_48_1.webp
本誌_高校リード_英語１.pdf,文法,記述式,"動詞と時制 > 未来を表す表現（will）,動詞と時制 > 未来を表す表現（be going to）",14_49_1.webp
本誌_高校リード_英語１.pdf,文法,記述式,"動詞と時制 > 未来を表す表現（will）,助動詞 > 助動詞",14_50_1.webp
本誌_高校リード_英語１.pdf,要点整理?,,"動詞と時制 > 現在進行形, 動詞と時制 > 過去進行形",14_51_1.webp
本誌_高校リード_英語１.pdf,文法,記述式,動詞と時制 > 現在進行形,14_52_1.webp
本誌_高校リード_英語１.pdf,文法,記述式,"動詞と時制 > 現在進行形,動詞と時制 > 過去進行形",14_53_1.webp
本誌_高校リード_英語１.pdf,要点整理?,,動詞と時制 > 未来進行形,14_54_1.webp
本誌_高校リード_英語１.pdf,文法,記述式,動詞と時制 > 未来進行形,14_55_1.webp
本誌_高校リード_英語１.pdf,文法,記述式,動詞と時制 > 現在形,14_56_1.webp
本誌_高校リード_英語１.pdf,文法,記述式,動詞と時制 > 過去形,14_57_1.webp
本誌_高校リード_英語１.pdf,文法,記述式,"動詞と時制 > 現在形,動詞と時制 > 過去形",14_58_1.webp
本誌_高校リード_英語１.pdf,文法,記述式,動詞と時制 > 未来を表す表現（will）,14_59_1.webp
本誌_高校リード_英語１.pdf,文法,記述式,動詞と時制 > 時や条件の副詞節内での現在形,14_60_1.webp
本誌_高校リード_英語１.pdf,文法,記述式,"動詞と時制 > 未来を表す表現（will）,助動詞 > 助動詞,助動詞 > 助動詞",14_61_1.webp
本誌_高校リード_英語１.pdf,文法,記述式,"動詞と時制 > 現在進行形,動詞と時制 > 過去進行形",14_62_1.webp
本誌_高校リード_英語１.pdf,文法,記述式,動詞と時制 > 現在形,14_63_1.webp
本誌_高校リード_英語１.pdf,"英文和訳??, 文法?",記述式,動詞と時制 > 未来を表す表現（will）,14_64_1.webp
本誌_高校リード_英語１.pdf,文法,記述式,"動詞と時制 > 現在形,動詞と時制 > 過去形",14_65_1.webp
本誌_高校リード_英語１.pdf,"長文（短め）??, 文法?",記述式,動詞と時制 > 過去形,14_66_1.webp
本誌_高校リード_英語１.pdf,文法,選択式,"動詞と時制 > 時や条件の副詞節内での現在形,動詞と時制 > 過去形,動詞と時制 > 現在進行形,動詞と時制 > 過去進行形",14_67_1.webp
本誌_高校リード_英語１.pdf,"言い換え??, 文法?",記述式,"動詞と時制 > 未来を表す表現（be going to）,助動詞 > 助動詞,助動詞 > 助動詞",14_68_1.webp
本誌_高校リード_英語１.pdf,文法,記述式,"動詞と時制 > 未来を表す表現（will）,動詞と時制 > 未来を表す表現（be going to）,助動詞 > 助動詞",14_69_1.webp
本誌_高校リード_英語１.pdf,文法,記述式,"動詞と時制 > 現在形,動詞と時制 > 時や条件の副詞節内での現在形,動詞と時制 > 過去形",14_70_1.webp
本誌_高校リード_英語１.pdf,文法,記述式,"動詞と時制 > 現在形,動詞と時制 > 時や条件の副詞節内での現在形,動詞と時制 > 過去形,動詞と時制 > 現在進行形,動詞と時制 > 未来を表す表現（will）",14_71_1.webp
本誌_高校リード_英語１.pdf,文法,記述式,"動詞と時制 > 過去形,動詞と時制 > 現在進行形,動詞と時制 > 未来を表す表現（will）",14_72_1.webp
本誌_高校リード_英語１.pdf,文法,記述式,"動詞と時制 > 現在進行形,動詞と時制 > 過去進行形,動詞と時制 > 未来を表す表現（will）,動詞と時制 > 未来を表す表現（be going to）",14_73_1.webp
本誌_高校リード_英語１.pdf,"和文英訳??, 文法?",記述式,"動詞と時制 > 時や条件の副詞節内での現在形,動詞と時制 > 過去進行形,動詞と時制 > 未来を表す表現（be going to）,助動詞 > 助動詞",14_74_1.webp
本誌_高校リード_英語１.pdf,英文和訳??,記述式,動詞と時制 > 未来を表す表現（be going to）,14_75_1.webp
本誌_高校リード_英語１.pdf,英文和訳??,記述式,"動詞と時制 > 過去形,動詞と時制 > 過去進行形",14_76_1.webp
本誌_高校リード_英語１.pdf,英文和訳??,記述式,"動詞と時制 > 現在形,動詞と時制 > 時や条件の副詞節内での現在形",14_77_1.webp
本誌_高校リード_英語１.pdf,英文和訳??,記述式,"動詞と時制 > 時や条件の副詞節内での現在形,動詞と時制 > 時や条件の副詞節内での現在形",14_78_1.webp
本誌_高校リード_英語１.pdf,長文（短め）??,選択式,"動詞と時制 > 過去形,動詞と時制 > 過去進行形",14_79_1.webp
本誌_高校リード_英語１.pdf,長文（短め）?,記述式,"動詞と時制 > 現在形,動詞と時制 > 時や条件の副詞節内での現在形,動詞と時制 > 現在進行形",14_80_1.webp
本誌_高校リード_英語１.pdf,要点整理?,,動詞と時制 > 現在完了形,14_81_1.webp
本誌_高校リード_英語１.pdf,文法?,記述式,動詞と時制 > 現在完了形,14_82_1.webp
本誌_高校リード_英語１.pdf,文法,記述式,動詞と時制 > 現在完了形,14_83_1.webp
本誌_高校リード_英語１.pdf,要点整理?,,動詞と時制 > 現在完了進行形,14_84_1.webp
本誌_高校リード_英語１.pdf,"英文和訳??, 文法?",記述式,動詞と時制 > 現在完了進行形,14_85_1.webp
本誌_高校リード_英語１.pdf,"英文和訳??, 文法?",記述式,動詞と時制 > 過去完了形,14_86_1.webp
本誌_高校リード_英語１.pdf,"文法, 英文和訳?",記述式,動詞と時制 > 過去完了形,14_87_1.webp
本誌_高校リード_英語１.pdf,要点整理?,,動詞と時制 > 過去完了進行形,14_88_1.webp
本誌_高校リード_英語１.pdf,文法,記述式,動詞と時制 > 現在完了形,14_89_1.webp
本誌_高校リード_英語１.pdf,文法,記述式,動詞と時制 > 現在完了形,14_90_1.webp
本誌_高校リード_英語１.pdf,"文法, 英文和訳?",記述式,動詞と時制 > 現在完了形,14_91_1.webp
本誌_高校リード_英語１.pdf,"文法, 英文和訳?",記述式,動詞と時制 > 現在完了形,14_92_1.webp
本誌_高校リード_英語１.pdf,文法,記述式,動詞と時制 > 現在完了形,14_93_1.webp
本誌_高校リード_英語１.pdf,文法,選択式,動詞と時制 > 現在完了形,14_94_1.webp
本誌_高校リード_英語１.pdf,"文法, 言い換え?",記述式,動詞と時制 > 現在完了形,14_95_1.webp
本誌_高校リード_英語１.pdf,文法,記述式,動詞と時制 > 現在完了形,14_96_1.webp
本誌_高校リード_英語１.pdf,文法,記述式,動詞と時制 > 現在完了進行形,14_97_1.webp
本誌_高校リード_英語１.pdf,"文法, 英文和訳?",記述式,動詞と時制 > 過去完了形,14_98_1.webp
本誌_高校リード_英語１.pdf,文法,記述式,動詞と時制 > 過去完了形,14_99_1.webp
本誌_高校リード_英語１.pdf,文法,選択式,"動詞と時制 > 現在完了形,動詞と時制 > 過去完了形,動詞と時制 > 現在完了進行形",14_100_1.webp
本誌_高校リード_英語１.pdf,文法,記述式,"動詞と時制 > 現在完了形,動詞と時制 > 過去完了形,動詞と時制 > 現在完了進行形",14_101_1.webp
本誌_高校リード_英語１.pdf,文法,記述式,"動詞と時制 > 現在完了形,動詞と時制 > 過去完了形",14_102_1.webp
本誌_高校リード_英語１.pdf,文法,選択式,動詞と時制 > 現在完了形,14_103_1.webp
本誌_高校リード_英語１.pdf,"文法, 言い換え?",記述式,"動詞と時制 > 現在完了形,動詞と時制 > 現在完了進行形",14_104_1.webp
本誌_高校リード_英語１.pdf,文法,記述式,動詞と時制 > 現在完了形,14_105_1.webp
本誌_高校リード_英語１.pdf,文法,記述式,"動詞と時制 > 現在完了形,動詞と時制 > 現在完了進行形",14_106_1.webp
本誌_高校リード_英語１.pdf,"文法, 和文英訳?",記述式,動詞と時制 > 現在完了形,14_107_1.webp
本誌_高校リード_英語１.pdf,"英文和訳?, 和文英訳?",記述式,動詞と時制 > 現在完了形,14_108_1.webp
本誌_高校リード_英語１.pdf,英文和訳?,記述式,動詞と時制 > 現在完了形,14_109_1.webp
本誌_高校リード_英語１.pdf,英文和訳?,記述式,動詞と時制 > 現在完了形,14_110_1.webp
本誌_高校リード_英語１.pdf,英文和訳?,記述式,動詞と時制 > 現在完了進行形,14_111_1.webp
本誌_高校リード_英語１.pdf,理由の説明?,記述式,動詞と時制 > 現在完了形,14_112_1.webp
本誌_高校リード_英語１.pdf,長文（短め）?,記述式,動詞と時制 > 過去完了形,14_113_1.webp
本誌_高校リード_英語１.pdf,要点整理?,,助動詞 > 助動詞,14_114_1.webp
本誌_高校リード_英語１.pdf,"文法, 英文和訳?",記述式,"助動詞 > 助動詞,助動詞 > 助動詞,助動詞 > 助動詞,助動詞 > 助動詞,助動詞 > 助動詞",14_115_1.webp
本誌_高校リード_英語１.pdf,要点整理?,,助動詞 > 助動詞,14_116_1.webp
本誌_高校リード_英語１.pdf,"文法, 英文和訳?",記述式,"助動詞 > 助動詞,助動詞 > 助動詞",14_117_1.webp
本誌_高校リード_英語１.pdf,要点整理?,,動詞と時制 > 助動詞＋完了形,14_118_1.webp
本誌_高校リード_英語１.pdf,"文法, 英文和訳?",記述式,動詞と時制 > 助動詞＋完了形,14_119_1.webp
本誌_高校リード_英語１.pdf,文法,選択式,"助動詞 > 助動詞,助動詞 > 助動詞,助動詞 > 助動詞",14_120_1.webp
本誌_高校リード_英語１.pdf,文法,記述式,"助動詞 > 助動詞,助動詞 > 助動詞,助動詞 > 助動詞",14_121_1.webp
本誌_高校リード_英語１.pdf,文法,記述式,"助動詞 > 助動詞,助動詞 > 助動詞,助動詞 > 助動詞",14_122_1.webp
本誌_高校リード_英語１.pdf,文法,記述式,"助動詞 > 助動詞,助動詞 > 助動詞",14_123_1.webp
本誌_高校リード_英語１.pdf,文法,記述式,"助動詞 > 助動詞,助動詞 > 助動詞",14_124_1.webp
本誌_高校リード_英語１.pdf,文法,記述式,"助動詞 > 助動詞,助動詞 > 助動詞",14_125_1.webp
本誌_高校リード_英語１.pdf,"文法, 英文和訳?",記述式,動詞と時制 > 助動詞＋完了形,14_126_1.webp
本誌_高校リード_英語１.pdf,文法,記述式,動詞と時制 > 助動詞＋完了形,14_127_1.webp
本誌_高校リード_英語１.pdf,文法,選択式,"助動詞 > 助動詞,助動詞 > 助動詞",14_128_1.webp
本誌_高校リード_英語１.pdf,文法,記述式,"助動詞 > 助動詞,助動詞 > 助動詞,助動詞 > 助動詞",14_129_1.webp
本誌_高校リード_英語１.pdf,文法,記述式,"助動詞 > 助動詞,助動詞 > 助動詞,助動詞 > 助動詞",14_130_1.webp
本誌_高校リード_英語１.pdf,文法,記述式,"助動詞 > 助動詞,助動詞 > 助動詞,助動詞 > 助動詞",14_131_1.webp
本誌_高校リード_英語１.pdf,"文法, 自由英作文?",記述式,助動詞 > 助動詞,14_132_1.webp
本誌_高校リード_英語１.pdf,英文和訳?,記述式,"助動詞 > 助動詞,助動詞 > 助動詞",14_133_1.webp
本誌_高校リード_英語１.pdf,英文和訳?,記述式,助動詞 > 助動詞,14_134_1.webp
本誌_高校リード_英語１.pdf,長文（短め）?,記述式,"助動詞 > 助動詞,助動詞 > 助動詞,助動詞 > 助動詞",14_135_1.webp
本誌_高校リード_英語１.pdf,理由の説明?,記述式,"助動詞 > 助動詞,助動詞 > 助動詞,助動詞 > 助動詞",14_136_1.webp
本誌_高校リード_英語１.pdf,理由の説明?,記述式,動詞と時制 > 助動詞＋完了形,14_137_1.webp
本誌_高校リード_英語１.pdf,要点整理?,,受け身 > 受け身の用法,14_138_1.webp
本誌_高校リード_英語１.pdf,文法,記述式,"受け身 > 受け身の用法,受け身 > 受け身の用法",14_139_1.webp
本誌_高校リード_英語１.pdf,要点整理?,,受け身 > 受け身の用法,14_140_1.webp
本誌_高校リード_英語１.pdf,文法,記述式,受け身 > 助動詞＋受け身,14_141_1.webp
本誌_高校リード_英語１.pdf,要点整理?,,"受け身 > 受け身の用法, 受け身 > 助動詞＋受け身",14_142_1.webp
本誌_高校リード_英語１.pdf,文法,記述式,"受け身 > 受け身の用法,受け身 > 受け身の用法",14_143_1.webp
本誌_高校リード_英語１.pdf,要点整理?,,"受け身 > SVOOのOを主語にした受け身, 受け身 > SVOCのOを主語にした受け身",14_144_1.webp
本誌_高校リード_英語１.pdf,文法,記述式,"受け身 > 受け身の用法,受け身 > 受け身の用法",14_145_1.webp
本誌_高校リード_英語１.pdf,要点整理?,,"受け身 > by以外の前置詞を用いる受け身, 受け身 > 受け身の用法",14_146_1.webp
本誌_高校リード_英語１.pdf,文法,記述式,"受け身 > 受け身の用法,受け身 > 受け身の用法",14_147_1.webp
本誌_高校リード_英語１.pdf,文法,記述式,"受け身 > 受け身の用法,受け身 > 受け身の用法",14_148_1.webp
本誌_高校リード_英語１.pdf,文法,記述式,"受け身 > 受け身の用法,受け身 > 受け身の用法",14_149_1.webp
本誌_高校リード_英語１.pdf,文法,記述式,"受け身 > 受け身の用法,受け身 > 受け身の用法",14_150_1.webp
本誌_高校リード_英語１.pdf,文法,記述式,"受け身 > 受け身の用法,受け身 > 受け身の用法",14_151_1.webp
本誌_高校リード_英語１.pdf,文法,記述式,"受け身 > 受け身の用法,受け身 > 受け身の用法,受け身 > 助動詞＋受け身",14_152_1.webp
本誌_高校リード_英語１.pdf,文法,記述式,"受け身 > 受け身の用法,受け身 > 受け身の用法",14_153_1.webp
本誌_高校リード_英語１.pdf,文法,記述式,"受け身 > SVOOのOを主語にした受け身,受け身 > SVOCのOを主語にした受け身",14_154_1.webp
本誌_高校リード_英語１.pdf,文法,記述式,受け身 > by以外の前置詞を用いる受け身,14_155_1.webp
本誌_高校リード_英語１.pdf,文法,記述式,受け身 > by以外の前置詞を用いる受け身,14_156_1.webp
本誌_高校リード_英語１.pdf,文法,選択式,"受け身 > 受け身の用法,受け身 > 受け身の用法,受け身 > 助動詞＋受け身",14_157_1.webp
本誌_高校リード_英語１.pdf,文法,記述式,受け身 > by以外の前置詞を用いる受け身,14_158_1.webp
本誌_高校リード_英語１.pdf,"文法, 言い換え?",記述式,受け身 > by以外の前置詞を用いる受け身,14_159_1.webp
本誌_高校リード_英語１.pdf,文法,記述式,"受け身 > 受け身の用法,受け身 > 受け身の用法",14_160_1.webp
本誌_高校リード_英語１.pdf,文法,記述式,"受け身 > 受け身の用法,受け身 > 受け身の用法",14_161_1.webp
本誌_高校リード_英語１.pdf,文法,記述式,"受け身 > 受け身の用法,受け身 > 受け身の用法",14_162_1.webp
本誌_高校リード_英語１.pdf,文法,記述式,"受け身 > 受け身の用法,受け身 > 受け身の用法",14_163_1.webp
本誌_高校リード_英語１.pdf,"文法, 和文英訳?",記述式,"受け身 > 受け身の用法,受け身 > 受け身の用法",14_164_1.webp
本誌_高校リード_英語１.pdf,英文和訳?,記述式,"受け身 > 助動詞＋受け身,受け身 > by以外の前置詞を用いる受け身",14_165_1.webp
本誌_高校リード_英語１.pdf,英文和訳?,記述式,受け身 > by以外の前置詞を用いる受け身,14_166_1.webp
本誌_高校リード_英語１.pdf,英文和訳?,記述式,受け身 > by以外の前置詞を用いる受け身,14_167_1.webp
本誌_高校リード_英語１.pdf,"長文（短め）?, 理由の説明?",選択式,受け身 > by以外の前置詞を用いる受け身,14_168_1.webp
本誌_高校リード_英語１.pdf,要約?,記述式,"受け身 > by以外の前置詞を用いる受け身,受け身 > 受け身の用法",14_169_1.webp
本誌_高校リード_英語１.pdf,文法,選択式,"動詞と時制 > 過去進行形,動詞と時制 > 助動詞＋完了形,動詞と時制 > 未来を表す表現（will）,受け身 > by以外の前置詞を用いる受け身,動詞と時制 > 現在完了進行形",14_170_1.webp
本誌_高校リード_英語１.pdf,文法,記述式,"動詞と時制 > 過去形,動詞と時制 > 現在完了形",14_171_1.webp
本誌_高校リード_英語１.pdf,文法,記述式,"動詞と時制 > 現在完了形,助動詞 > 助動詞,助動詞 > 助動詞,助動詞 > 助動詞,受け身 > by以外の前置詞を用いる受け身",14_172_1.webp
本誌_高校リード_英語１.pdf,文法,選択式,動詞と時制 > 現在完了形,14_173_1.webp
本誌_高校リード_英語１.pdf,"文法, 言い換え?",記述式,"受け身 > 受け身の用法,助動詞 > 助動詞,動詞と時制 > 現在完了進行形",14_174_1.webp
本誌_高校リード_英語１.pdf,文法,記述式,"動詞と時制 > 現在完了進行形,受け身 > by以外の前置詞を用いる受け身",14_175_1.webp
本誌_高校リード_英語１.pdf,文法,記述式,"受け身 > 受け身の用法,受け身 > 受け身の用法,受け身 > 助動詞＋受け身,動詞と時制 > 現在完了形,助動詞 > 助動詞",14_176_1.webp
本誌_高校リード_英語１.pdf,"文法, 和文英訳?",記述式,動詞と時制 > 現在完了形,14_177_1.webp
本誌_高校リード_英語１.pdf,要点整理?,,"不定詞 > 名詞的用法, 不定詞 > 副詞的用法, 不定詞 > 形容詞的用法",14_178_1.webp
本誌_高校リード_英語１.pdf,文法,記述式,不定詞 > 不定詞の慣用表現,14_179_1.webp
本誌_高校リード_英語１.pdf,文法,記述式,"不定詞 > 名詞的用法,不定詞 > 形容詞的用法,不定詞 > 副詞的用法",14_180_1.webp
本誌_高校リード_英語１.pdf,要点整理?,,"不定詞 > 不定詞の慣用表現, 不定詞 > 疑問詞＋to do, 不定詞 > 形式主語itを用いた不定詞, 不定詞 > 不定詞が形式目的語の真目的語, 不定詞 > be to doの表現",14_181_1.webp
本誌_高校リード_英語１.pdf,"文法, 英文和訳?",記述式,不定詞 > 不定詞の慣用表現,14_182_1.webp
本誌_高校リード_英語１.pdf,文法,記述式,不定詞 > 不定詞の慣用表現,14_183_1.webp
本誌_高校リード_英語１.pdf,要点整理?,,"不定詞 > 進行形の不定詞, 不定詞 > 受け身の不定詞, 不定詞 > 完了形の不定詞",14_184_1.webp
本誌_高校リード_英語１.pdf,"文法, 英文和訳?",記述式,不定詞 > 不定詞の否定形,14_185_1.webp
本誌_高校リード_英語１.pdf,要点整理?,,不定詞 > 原形不定詞,14_186_1.webp
本誌_高校リード_英語１.pdf,"文法, 英文和訳?",記述式,不定詞 > 原形不定詞,14_187_1.webp
本誌_高校リード_英語１.pdf,"文法, 英文和訳?, 言い換え?",記述式,不定詞 > 名詞的用法,14_188_1.webp
本誌_高校リード_英語１.pdf,文法,記述式,不定詞 > 形容詞的用法,14_189_1.webp
本誌_高校リード_英語１.pdf,"文法, 英文和訳?",記述式,不定詞 > 副詞的用法,14_190_1.webp
本誌_高校リード_英語１.pdf,文法,記述式,不定詞 > 不定詞の慣用表現,14_191_1.webp
本誌_高校リード_英語１.pdf,"文法, 言い換え?",記述式,不定詞 > 不定詞の慣用表現,14_192_1.webp
本誌_高校リード_英語１.pdf,文法,記述式,不定詞 > 不定詞の否定形,14_193_1.webp
本誌_高校リード_英語１.pdf,文法,記述式,不定詞 > 不定詞の慣用表現,14_194_1.webp
本誌_高校リード_英語１.pdf,"文法, 言い換え?",記述式,不定詞 > 不定詞の否定形,14_195_1.webp
本誌_高校リード_英語１.pdf,文法,記述式,不定詞 > 原形不定詞,14_196_1.webp
本誌_高校リード_英語１.pdf,文法,選択式,"不定詞 > 名詞的用法,不定詞 > 不定詞の慣用表現",14_197_1.webp
本誌_高校リード_英語１.pdf,文法,記述式,"不定詞 > 疑問詞＋to do,不定詞 > 不定詞の慣用表現,不定詞 > 不定詞の否定形,不定詞 > 原形不定詞",14_198_1.webp
本誌_高校リード_英語１.pdf,"文法, 言い換え?",記述式,"不定詞 > 疑問詞＋to do,不定詞 > 不定詞の慣用表現",14_199_1.webp
本誌_高校リード_英語１.pdf,文法,記述式,不定詞 > 不定詞の慣用表現,14_200_1.webp
本誌_高校リード_英語１.pdf,文法,記述式,"不定詞 > 不定詞の慣用表現,不定詞 > 原形不定詞,不定詞 > 不定詞の否定形",14_201_1.webp
本誌_高校リード_英語１.pdf,"文法, 和文英訳?",記述式,"不定詞 > 不定詞の慣用表現,不定詞 > 不定詞の慣用表現",14_202_1.webp
本誌_高校リード_英語１.pdf,英文和訳?,記述式,不定詞 > 不定詞の慣用表現,14_203_1.webp
本誌_高校リード_英語１.pdf,英文和訳?,記述式,"不定詞 > 不定詞の慣用表現,不定詞 > 名詞的用法",14_204_1.webp
本誌_高校リード_英語１.pdf,英文和訳?,記述式,不定詞 > 不定詞の慣用表現,14_205_1.webp
本誌_高校リード_英語１.pdf,英文和訳?,記述式,"不定詞 > 不定詞の慣用表現,不定詞 > 名詞的用法",14_206_1.webp
本誌_高校リード_英語１.pdf,理由の説明?,記述式,"不定詞 > 不定詞の慣用表現,不定詞 > 名詞的用法",14_207_1.webp
本誌_高校リード_英語１.pdf,言い換え?,記述式,不定詞 > 不定詞の慣用表現,14_208_1.webp
本誌_高校リード_英語１.pdf,要点整理?,,動名詞 > 動名詞の用法,14_209_1.webp
本誌_高校リード_英語１.pdf,要点整理?,,"動名詞 > 動名詞の用法, 動名詞 > 動詞の目的語が動名詞か不定詞か",14_210_1.webp
本誌_高校リード_英語１.pdf,文法,記述式,動名詞 > 動詞の目的語が動名詞か不定詞か,14_211_1.webp
本誌_高校リード_英語１.pdf,要点整理?,,"動名詞 > 受け身の動名詞, 動名詞 > 完了形の動名詞, 動名詞 > 動名詞の意味上の主語",14_212_1.webp
本誌_高校リード_英語１.pdf,"文法, 言い換え?",記述式,動名詞 > 動名詞の意味上の主語,14_213_1.webp
本誌_高校リード_英語１.pdf,要点整理?,,動名詞 > 動名詞の慣用表現,14_214_1.webp
本誌_高校リード_英語１.pdf,"文法, 言い換え?",記述式,動名詞 > 動名詞の慣用表現,14_215_1.webp
本誌_高校リード_英語１.pdf,文法,記述式,動名詞 > 動名詞の用法,14_216_1.webp
本誌_高校リード_英語１.pdf,"文法, 英文和訳?",記述式,動名詞 > 動名詞の用法,14_217_1.webp
本誌_高校リード_英語１.pdf,"文法, 言い換え?",記述式,動名詞 > 動名詞の慣用表現,14_218_1.webp
本誌_高校リード_英語１.pdf,"文法, 英文和訳?",記述式,動名詞 > 動詞の目的語が動名詞か不定詞か,14_219_1.webp
本誌_高校リード_英語１.pdf,"文法, 言い換え?",記述式,動名詞 > 動名詞の意味上の主語,14_220_1.webp
本誌_高校リード_英語１.pdf,"文法, 言い換え?",記述式,動名詞 > 受け身の動名詞,14_221_1.webp
本誌_高校リード_英語１.pdf,文法,記述式,動名詞 > 動名詞の用法,14_222_1.webp
本誌_高校リード_英語１.pdf,文法,記述式,動名詞 > 動名詞の慣用表現,14_223_1.webp
本誌_高校リード_英語１.pdf,文法,記述式,動名詞 > 動名詞の慣用表現,14_224_1.webp
本誌_高校リード_英語１.pdf,文法,選択式,動名詞 > 動詞の目的語が動名詞か不定詞か,14_225_1.webp
本誌_高校リード_英語１.pdf,文法,記述式,"動名詞 > 動名詞の用法,動名詞 > 動名詞の意味上の主語",14_226_1.webp
本誌_高校リード_英語１.pdf,"文法, 言い換え?",記述式,"動名詞 > 動名詞の慣用表現,動名詞 > 動名詞の意味上の主語",14_227_1.webp
本誌_高校リード_英語１.pdf,文法,記述式,"動名詞 > 動名詞の意味上の主語,動名詞 > 動名詞の用法,動名詞 > 動名詞の慣用表現",14_228_1.webp
本誌_高校リード_英語１.pdf,文法,記述式,"動名詞 > 動名詞の用法,動名詞 > 動詞の目的語が動名詞か不定詞か,動名詞 > 動名詞の慣用表現,動名詞 > 動名詞の意味上の主語",14_229_1.webp
本誌_高校リード_英語１.pdf,文法,記述式,"動名詞 > 動名詞の用法,動名詞 > 動詞の目的語が動名詞か不定詞か,動名詞 > 動名詞の慣用表現,動名詞 > 動名詞の意味上の主語,動名詞 > 受け身の動名詞",14_230_1.webp
本誌_高校リード_英語１.pdf,"文法, 和文英訳?",記述式,"動名詞 > 動名詞の用法,動名詞 > 動名詞の慣用表現",14_231_1.webp
本誌_高校リード_英語１.pdf,英文和訳?,記述式,"動名詞 > 動名詞の用法,動名詞 > 動詞の目的語が動名詞か不定詞か",14_232_1.webp
本誌_高校リード_英語１.pdf,英文和訳?,記述式,動名詞 > 動名詞の用法,14_233_1.webp
本誌_高校リード_英語１.pdf,英文和訳?,記述式,動名詞 > 動名詞の慣用表現,14_234_1.webp
本誌_高校リード_英語１.pdf,英文和訳?,記述式,動名詞 > 動名詞の用法,14_235_1.webp
本誌_高校リード_英語１.pdf,理由の説明?,記述式,動名詞 > 動名詞の慣用表現,14_236_1.webp
本誌_高校リード_英語１.pdf,要点整理?,,"分詞 > 現在分詞・過去分詞の前置修飾, 分詞 > 現在分詞・過去分詞の後置修飾",14_237_1.webp
本誌_高校リード_英語１.pdf,文法,記述式,"分詞 > 現在分詞・過去分詞の前置修飾, 分詞 > 現在分詞・過去分詞の後置修飾",14_238_1.webp
本誌_高校リード_英語１.pdf,要点整理?,,"分詞 > 現在分詞・過去分詞の前置修飾, 分詞 > 現在分詞・過去分詞の後置修飾",14_239_1.webp
本誌_高校リード_英語１.pdf,文法,記述式,"分詞 > 現在分詞・過去分詞の前置修飾, 分詞 > 現在分詞・過去分詞の後置修飾",14_240_1.webp
本誌_高校リード_英語１.pdf,要点整理?,,分詞 > SVO＋分詞,14_241_1.webp
本誌_高校リード_英語１.pdf,文法,記述式,分詞 > SVO＋分詞,14_242_1.webp
本誌_高校リード_英語１.pdf,要点整理?,,分詞 > 分詞を含む重要表現,14_243_1.webp
本誌_高校リード_英語１.pdf,文法,選択式,"分詞 > 現在分詞・過去分詞の前置修飾,分詞 > 現在分詞・過去分詞の後置修飾",14_244_1.webp
本誌_高校リード_英語１.pdf,文法,記述式,"分詞 > 現在分詞・過去分詞の前置修飾,分詞 > 現在分詞・過去分詞の後置修飾",14_245_1.webp
本誌_高校リード_英語１.pdf,"文法, 和文英訳?",記述式,"分詞 > 現在分詞・過去分詞の前置修飾,分詞 > 現在分詞・過去分詞の後置修飾",14_246_1.webp
本誌_高校リード_英語１.pdf,"文法, 英文和訳?",記述式,"分詞 > 現在分詞・過去分詞の前置修飾,分詞 > 現在分詞・過去分詞の後置修飾",14_247_1.webp
本誌_高校リード_英語１.pdf,文法,記述式,"分詞 > 現在分詞・過去分詞の前置修飾,分詞 > 現在分詞・過去分詞の後置修飾",14_248_1.webp
本誌_高校リード_英語１.pdf,文法,記述式,分詞 > 知覚動詞＋O＋分詞,14_249_1.webp
本誌_高校リード_英語１.pdf,文法,記述式,分詞 > 使役動詞＋O＋分詞,14_250_1.webp
本誌_高校リード_英語１.pdf,"文法, 英文和訳?",記述式,分詞 > 知覚動詞＋O＋分詞,14_251_1.webp
本誌_高校リード_英語１.pdf,文法,記述式,分詞 > 分詞を含む重要表現,14_252_1.webp
本誌_高校リード_英語１.pdf,文法,記述式,分詞 > 分詞を含む重要表現,14_253_1.webp
本誌_高校リード_英語１.pdf,文法,選択式,分詞 > 分詞構文の形,14_254_1.webp
本誌_高校リード_英語１.pdf,文法,記述式,分詞 > 分詞構文の形,14_255_1.webp
本誌_高校リード_英語１.pdf,"文法, 言い換え?",記述式,"分詞 > 分詞構文の形,分詞 > 現在分詞・過去分詞の前置修飾,分詞 > 現在分詞・過去分詞の後置修飾",14_256_1.webp
本誌_高校リード_英語１.pdf,文法,選択式,"分詞 > 現在分詞・過去分詞の前置修飾,分詞 > 現在分詞・過去分詞の後置修飾,分詞 > 知覚動詞＋O＋分詞,分詞 > 使役動詞＋O＋分詞",14_257_1.webp
本誌_高校リード_英語１.pdf,"文法, 言い換え?",記述式,"分詞 > 現在分詞・過去分詞の前置修飾,分詞 > 現在分詞・過去分詞の後置修飾",14_258_1.webp
本誌_高校リード_英語１.pdf,文法,記述式,"分詞 > 分詞構文の形,分詞 > 現在分詞・過去分詞の前置修飾,分詞 > 現在分詞・過去分詞の後置修飾",14_259_1.webp
本誌_高校リード_英語１.pdf,"文法, 和文英訳?",記述式,"分詞 > 分詞を含む重要表現,分詞 > 分詞構文の形,分詞 > 知覚動詞＋O＋分詞,分詞 > 使役動詞＋O＋分詞",14_260_1.webp
本誌_高校リード_英語１.pdf,英文和訳?,選択式,分詞 > 分詞構文の形,14_261_1.webp
本誌_高校リード_英語１.pdf,英文和訳?,記述式,分詞 > 現在分詞・過去分詞の後置修飾,14_262_1.webp
本誌_高校リード_英語１.pdf,英文和訳?,記述式,分詞 > 分詞構文の形,14_263_1.webp
本誌_高校リード_英語１.pdf,理由の説明?,記述式,分詞 > 現在分詞・過去分詞の後置修飾,14_264_1.webp
本誌_高校リード_英語１.pdf,英文和訳?,記述式,分詞 > 現在分詞・過去分詞の後置修飾,14_265_1.webp
本誌_高校リード_英語１.pdf,理由の説明?,記述式,分詞 > 分詞を含む重要表現,14_266_1.webp
本誌_高校リード_英語１.pdf,要点整理?,,"動詞と時制 > 使役動詞, 不定詞 > 使役動詞＋O＋動詞の原形",14_267_1.webp
本誌_高校リード_英語１.pdf,"文法, 英文和訳?",記述式,"動詞と時制 > 使役動詞,不定詞 > 使役動詞＋O＋動詞の原形",14_268_1.webp
本誌_高校リード_英語１.pdf,要点整理?,,動詞と時制 > 知覚動詞,14_269_1.webp
本誌_高校リード_英語１.pdf,文法,記述式,"動詞と時制 > 知覚動詞,不定詞 > 知覚動詞＋O＋動詞の原形",14_270_1.webp
本誌_高校リード_英語１.pdf,要点整理?,,分詞 > 知覚動詞＋O＋分詞,14_271_1.webp
本誌_高校リード_英語１.pdf,文法,記述式,分詞 > 知覚動詞＋O＋分詞,14_272_1.webp
本誌_高校リード_英語１.pdf,文法,選択式,"動詞と時制 > 使役動詞,不定詞 > 使役動詞＋O＋動詞の原形",14_273_1.webp
本誌_高校リード_英語１.pdf,文法,選択式,"動詞と時制 > 使役動詞,不定詞 > 使役動詞＋O＋動詞の原形",14_274_1.webp
本誌_高校リード_英語１.pdf,文法,選択式,"動詞と時制 > 使役動詞,不定詞 > 使役動詞＋O＋動詞の原形",14_275_1.webp
本誌_高校リード_英語１.pdf,文法,記述式,"動詞と時制 > 使役動詞,不定詞 > 使役動詞＋O＋動詞の原形",14_276_1.webp
本誌_高校リード_英語１.pdf,"文法, 英文和訳?",記述式,"動詞と時制 > 知覚動詞,不定詞 > 知覚動詞＋O＋動詞の原形",14_277_1.webp
本誌_高校リード_英語１.pdf,文法,記述式,"動詞と時制 > 知覚動詞,不定詞 > 知覚動詞＋O＋動詞の原形",14_278_1.webp
本誌_高校リード_英語１.pdf,文法,記述式,分詞 > 知覚動詞＋O＋分詞,14_279_1.webp
本誌_高校リード_英語１.pdf,"文法, 英文和訳?",記述式,"動詞と時制 > 知覚動詞,不定詞 > 知覚動詞＋O＋動詞の原形,分詞 > 知覚動詞＋O＋分詞",14_280_1.webp
本誌_高校リード_英語１.pdf,文法,選択式,"動詞と時制 > 使役動詞,不定詞 > 使役動詞＋O＋動詞の原形",14_281_1.webp
本誌_高校リード_英語１.pdf,文法,記述式,"動詞と時制 > 知覚動詞,不定詞 > 知覚動詞＋O＋動詞の原形",14_282_1.webp
本誌_高校リード_英語１.pdf,"文法, 言い換え?",記述式,"動詞と時制 > 使役動詞,不定詞 > 使役動詞＋O＋動詞の原形,動詞と時制 > 知覚動詞,不定詞 > 知覚動詞＋O＋動詞の原形",14_283_1.webp
本誌_高校リード_英語１.pdf,文法,選択式,分詞 > 知覚動詞＋O＋分詞,14_284_1.webp
本誌_高校リード_英語１.pdf,文法,記述式,"動詞と時制 > 使役動詞,不定詞 > 使役動詞＋O＋動詞の原形,動詞と時制 > 知覚動詞,不定詞 > 知覚動詞＋O＋動詞の原形",14_285_1.webp
本誌_高校リード_英語１.pdf,文法,記述式,"動詞と時制 > 使役動詞,不定詞 > 使役動詞＋O＋動詞の原形",14_286_1.webp
本誌_高校リード_英語１.pdf,"文法, 和文英訳?",記述式,"動詞と時制 > 使役動詞,不定詞 > 使役動詞＋O＋動詞の原形",14_287_1.webp
本誌_高校リード_英語１.pdf,英文和訳?,記述式,"動詞と時制 > 使役動詞,不定詞 > 使役動詞＋O＋動詞の原形",14_288_1.webp
本誌_高校リード_英語１.pdf,英文和訳?,記述式,"動詞と時制 > 使役動詞,不定詞 > 使役動詞＋O＋動詞の原形",14_289_1.webp
本誌_高校リード_英語１.pdf,英文和訳?,記述式,分詞 > 知覚動詞＋O＋分詞,14_290_1.webp
本誌_高校リード_英語１.pdf,英文和訳?,記述式,"動詞と時制 > 知覚動詞,不定詞 > 知覚動詞＋O＋動詞の原形",14_291_1.webp
本誌_高校リード_英語１.pdf,理由の説明?,記述式,"動詞と時制 > 使役動詞,不定詞 > 使役動詞＋O＋動詞の原形",14_292_1.webp
本誌_高校リード_英語１.pdf,長文（短め）?,記述式,"動詞と時制 > 使役動詞,不定詞 > 使役動詞＋O＋動詞の原形",14_293_1.webp
本誌_高校リード_英語１.pdf,要点整理?,,分詞 > 分詞構文の形,14_294_1.webp
本誌_高校リード_英語１.pdf,"文法, 言い換え?",記述式,分詞 > 分詞構文の形,14_295_1.webp
本誌_高校リード_英語１.pdf,要点整理?,,"分詞 > 完了形の分詞構文, 分詞 > 否定の分詞構文",14_296_1.webp
本誌_高校リード_英語１.pdf,要点整理?,,分詞 > 独立分詞構文,14_297_1.webp
本誌_高校リード_英語１.pdf,文法,記述式,"分詞 > 否定の分詞構文,分詞 > 完了形の分詞構文",14_298_1.webp
本誌_高校リード_英語１.pdf,"文法, 言い換え?",記述式,分詞 > 分詞構文の形,14_299_1.webp
本誌_高校リード_英語１.pdf,文法,記述式,分詞 > 分詞構文の形,14_300_1.webp
本誌_高校リード_英語１.pdf,"文法, 言い換え?",記述式,分詞 > 分詞構文の形,14_301_1.webp
本誌_高校リード_英語１.pdf,文法,記述式,"分詞 > 否定の分詞構文,分詞 > 完了形の分詞構文",14_302_1.webp
本誌_高校リード_英語１.pdf,"文法, 英文和訳?",記述式,分詞 > 分詞構文の形,14_303_1.webp
本誌_高校リード_英語１.pdf,"文法, 言い換え?",記述式,"分詞 > 否定の分詞構文,分詞 > 完了形の分詞構文",14_304_1.webp
本誌_高校リード_英語１.pdf,"文法, 言い換え?",記述式,分詞 > 独立分詞構文,14_305_1.webp
本誌_高校リード_英語１.pdf,文法,記述式,分詞 > 分詞構文の形,14_306_1.webp
本誌_高校リード_英語１.pdf,文法,選択式,"分詞 > 分詞構文の形,分詞 > 否定の分詞構文",14_307_1.webp
本誌_高校リード_英語１.pdf,"文法, 言い換え?",記述式,"分詞 > 分詞構文の形,分詞 > 否定の分詞構文",14_308_1.webp
本誌_高校リード_英語１.pdf,文法,選択式,"分詞 > 分詞構文の形,分詞 > 否定の分詞構文",14_309_1.webp
本誌_高校リード_英語１.pdf,"文法, 英文和訳?",記述式,分詞 > 分詞構文の形,14_310_1.webp
本誌_高校リード_英語１.pdf,"文法, 言い換え?",記述式,"分詞 > 分詞構文の形,分詞 > 否定の分詞構文",14_311_1.webp
本誌_高校リード_英語１.pdf,文法,記述式,"分詞 > 分詞構文の形,分詞 > 否定の分詞構文,分詞 > 独立分詞構文",14_312_1.webp
本誌_高校リード_英語１.pdf,文法,記述式,"分詞 > 分詞構文の形,分詞 > 完了形の分詞構文,分詞 > 独立分詞構文",14_313_1.webp
本誌_高校リード_英語１.pdf,"文法, 和文英訳?",記述式,"分詞 > 分詞構文の形,分詞 > 否定の分詞構文,分詞 > 完了形の分詞構文,分詞 > 独立分詞構文",14_314_1.webp
本誌_高校リード_英語１.pdf,英文和訳?,記述式,分詞 > 分詞構文の形,14_315_1.webp
本誌_高校リード_英語１.pdf,英文和訳?,記述式,分詞 > 分詞構文の形,14_316_1.webp
本誌_高校リード_英語１.pdf,英文和訳?,記述式,分詞 > 独立分詞構文,14_317_1.webp
本誌_高校リード_英語１.pdf,理由の説明?,記述式,分詞 > 分詞構文の形,14_318_1.webp
本誌_高校リード_英語１.pdf,要約?,記述式,分詞 > 完了形の分詞構文,14_319_1.webp
本誌_高校リード_英語１.pdf,文法,選択式,"分詞 > 現在分詞・過去分詞の後置修飾,動名詞 > 動詞の目的語が動名詞か不定詞か,動詞と時制 > 使役動詞,不定詞 > 使役動詞＋O＋動詞の原形,分詞 > 分詞構文の形",14_320_1.webp
本誌_高校リード_英語１.pdf,文法,記述式,"分詞 > 分詞構文の形,動詞と時制 > 知覚動詞,動詞と時制 > 使役動詞,分詞 > 現在分詞・過去分詞の後置修飾",14_321_1.webp
本誌_高校リード_英語１.pdf,文法,記述式,"不定詞 > 不定詞の慣用表現,動詞と時制 > 知覚動詞,分詞 > 分詞構文の形",14_322_1.webp
本誌_高校リード_英語１.pdf,文法,選択式,分詞 > 分詞構文の形,14_323_1.webp
本誌_高校リード_英語１.pdf,"文法, 言い換え?",記述式,"分詞 > 否定の分詞構文,動名詞 > 動名詞の用法,動名詞 > 動名詞の慣用表現,不定詞 > 不定詞の慣用表現",14_324_1.webp
本誌_高校リード_英語１.pdf,文法,記述式,"不定詞 > 不定詞の否定形,動名詞 > 動名詞の用法,分詞 > 現在分詞・過去分詞の後置修飾",14_325_1.webp
本誌_高校リード_英語１.pdf,文法,記述式,"不定詞 > 不定詞の慣用表現,分詞 > 分詞構文の形",14_326_1.webp
本誌_高校リード_英語１.pdf,"文法, 和文英訳?",記述式,"不定詞 > 不定詞が形式目的語の真目的語,不定詞 > 不定詞の慣用表現,分詞 > 現在分詞・過去分詞の後置修飾",14_327_1.webp
本誌_高校リード_英語１.pdf,要点整理?,,関係代名詞 > 関係代名詞,14_328_1.webp
本誌_高校リード_英語１.pdf,"文法, 言い換え?",記述式,"関係代名詞 > 関係代名詞,関係代名詞 > 関係代名詞",14_329_1.webp
本誌_高校リード_英語１.pdf,要点整理?,,"関係代名詞 > 関係代名詞, 関係代名詞 > 関係代名詞の省略（接触節）",14_330_1.webp
本誌_高校リード_英語１.pdf,要点整理?,,関係代名詞 > 関係代名詞,14_331_1.webp
本誌_高校リード_英語１.pdf,要点整理?,,関係代名詞 > 関係代名詞の非制限用法,14_332_1.webp
本誌_高校リード_英語１.pdf,文法,記述式,"関係代名詞 > 関係代名詞,関係代名詞 > 関係代名詞の非制限用法,関係代名詞 > 関係代名詞の非制限用法",14_333_1.webp
本誌_高校リード_英語１.pdf,文法,記述式,関係代名詞 > 関係代名詞,14_334_1.webp
本誌_高校リード_英語１.pdf,文法,記述式,関係代名詞 > 関係代名詞,14_335_1.webp
本誌_高校リード_英語１.pdf,"文法, 言い換え?",記述式,"関係代名詞 > 関係代名詞,関係代名詞 > 関係代名詞",14_336_1.webp
本誌_高校リード_英語１.pdf,文法,記述式,関係代名詞 > 関係代名詞の省略（接触節）,14_337_1.webp
本誌_高校リード_英語１.pdf,文法,選択式,疑問文と疑問詞 > 疑問詞,14_338_1.webp
本誌_高校リード_英語１.pdf,文法,記述式,疑問文と疑問詞 > 疑問詞,14_339_1.webp
本誌_高校リード_英語１.pdf,文法,記述式,疑問文と疑問詞 > 疑問詞,14_340_1.webp
本誌_高校リード_英語１.pdf,"文法, 英文和訳?",記述式,"関係代名詞 > 関係代名詞,関係代名詞 > 関係代名詞の非制限用法",14_341_1.webp
本誌_高校リード_英語１.pdf,文法,記述式,"関係代名詞 > 関係代名詞の非制限用法,関係代名詞 > 関係代名詞の非制限用法",14_342_1.webp
本誌_高校リード_英語１.pdf,文法,選択式,"関係代名詞 > 関係代名詞,関係代名詞 > 関係代名詞,関係代名詞 > 関係代名詞の非制限用法",14_343_1.webp
本誌_高校リード_英語１.pdf,文法,記述式,"関係代名詞 > 関係代名詞,関係代名詞 > 関係代名詞",14_344_1.webp
本誌_高校リード_英語１.pdf,文法,記述式,"疑問文と疑問詞 > 疑問詞,関係代名詞 > 関係代名詞の非制限用法,関係代名詞 > 関係代名詞の非制限用法",14_345_1.webp
本誌_高校リード_英語１.pdf,"文法, 言い換え?",記述式,"関係代名詞 > 関係代名詞,関係代名詞 > 関係代名詞,疑問文と疑問詞 > 疑問詞",14_346_1.webp
本誌_高校リード_英語１.pdf,文法,選択式,関係代名詞 > 関係代名詞,14_347_1.webp
本誌_高校リード_英語１.pdf,"文法, 言い換え?",記述式,"関係代名詞 > 関係代名詞の非制限用法,関係代名詞 > 関係代名詞の非制限用法",14_348_1.webp
本誌_高校リード_英語１.pdf,"文法, 英文和訳?",記述式,"関係代名詞 > 関係代名詞の非制限用法,関係代名詞 > 関係代名詞の非制限用法",14_349_1.webp
本誌_高校リード_英語１.pdf,文法,記述式,"関係代名詞 > 関係代名詞,関係代名詞 > 関係代名詞,疑問文と疑問詞 > 疑問詞,関係代名詞 > 関係代名詞の非制限用法,関係代名詞 > 関係代名詞の非制限用法",14_350_1.webp
本誌_高校リード_英語１.pdf,文法,選択式,"関係代名詞 > 関係代名詞,関係代名詞 > 関係代名詞,疑問文と疑問詞 > 疑問詞,関係代名詞 > 関係代名詞の非制限用法,関係代名詞 > 関係代名詞の非制限用法",14_351_1.webp
本誌_高校リード_英語１.pdf,文法,記述式,"関係代名詞 > 関係代名詞,疑問文と疑問詞 > 疑問詞,関係代名詞 > 関係代名詞,関係代名詞 > 関係代名詞の省略（接触節）",14_352_1.webp
本誌_高校リード_英語１.pdf,"文法, 和文英訳?",記述式,"疑問文と疑問詞 > 疑問詞,関係代名詞 > 関係代名詞,関係代名詞 > 関係代名詞の非制限用法,関係代名詞 > 関係代名詞の非制限用法",14_353_1.webp
本誌_高校リード_英語１.pdf,英文和訳?,記述式,関係代名詞 > 関係代名詞,14_354_1.webp
本誌_高校リード_英語１.pdf,長文（短め）?,選択式,"関係代名詞 > 関係代名詞,関係代名詞 > 関係代名詞,疑問文と疑問詞 > 疑問詞",14_355_1.webp
本誌_高校リード_英語１.pdf,英文和訳?,記述式,関係代名詞 > 関係代名詞,14_356_1.webp
本誌_高校リード_英語１.pdf,理由の説明?,記述式,関係代名詞 > 関係代名詞,14_357_1.webp
本誌_高校リード_英語１.pdf,英文和訳?,記述式,関係代名詞 > 関係代名詞の非制限用法,14_358_1.webp
本誌_高校リード_英語１.pdf,内容一致?,選択式,疑問文と疑問詞 > 疑問詞,14_359_1.webp
本誌_高校リード_英語１.pdf,要点整理?,,関係副詞 > 関係副詞,14_360_1.webp
本誌_高校リード_英語１.pdf,文法,記述式,"関係副詞 > 関係副詞,関係副詞 > 関係副詞の非制限用法,関係副詞 > 関係副詞,関係副詞 > 関係副詞の非制限用法",14_361_1.webp
本誌_高校リード_英語１.pdf,要点整理?,,関係副詞 > 関係副詞,14_362_1.webp
本誌_高校リード_英語１.pdf,文法,選択式,"疑問文と疑問詞 > 疑問詞,疑問文と疑問詞 > 疑問詞",14_363_1.webp
本誌_高校リード_英語１.pdf,文法,記述式,"関係副詞 > 関係副詞,関係副詞 > 関係副詞,関係副詞 > 関係副詞,疑問文と疑問詞 > 疑問詞,疑問文と疑問詞 > 疑問詞",14_364_1.webp
本誌_高校リード_英語１.pdf,"文法, 言い換え?",記述式,"関係副詞 > 関係副詞,関係副詞 > 関係副詞,関係副詞 > 関係副詞,疑問文と疑問詞 > 疑問詞,疑問文と疑問詞 > 疑問詞",14_365_1.webp
本誌_高校リード_英語１.pdf,"文法, 言い換え?",記述式,"関係副詞 > 関係副詞,関係副詞 > 関係副詞,疑問文と疑問詞 > 疑問詞",14_366_1.webp
本誌_高校リード_英語１.pdf,文法,選択式,"関係副詞 > 関係副詞の非制限用法,関係代名詞 > 関係代名詞,関係代名詞 > 関係代名詞の非制限用法,関係副詞 > 関係副詞",14_367_1.webp
本誌_高校リード_英語１.pdf,文法,選択式,"疑問文と疑問詞 > 疑問詞,関係副詞 > 関係副詞,疑問文と疑問詞 > 疑問詞,疑問文と疑問詞 > 疑問詞,関係代名詞 > 関係代名詞",14_368_1.webp
本誌_高校リード_英語１.pdf,"文法, 英文和訳?",記述式,"関係副詞 > 関係副詞の非制限用法,関係副詞 > 関係副詞の非制限用法",14_369_1.webp
本誌_高校リード_英語１.pdf,"文法, 言い換え?",記述式,"関係副詞 > 関係副詞の非制限用法,関係副詞 > 関係副詞の非制限用法",14_370_1.webp
本誌_高校リード_英語１.pdf,"文法, 言い換え?",記述式,"関係副詞 > 関係副詞の非制限用法,関係副詞 > 関係副詞の非制限用法",14_371_1.webp
本誌_高校リード_英語１.pdf,"文法, 英文和訳?",記述式,"関係副詞 > 関係副詞,関係副詞 > 関係副詞の非制限用法,関係副詞 > 関係副詞,関係副詞 > 関係副詞の非制限用法",14_372_1.webp
本誌_高校リード_英語１.pdf,文法,選択式,"関係副詞 > 関係副詞,関係副詞 > 関係副詞,疑問文と疑問詞 > 疑問詞",14_373_1.webp
本誌_高校リード_英語１.pdf,文法,記述式,"関係副詞 > 関係副詞,関係代名詞 > 関係代名詞,関係副詞 > 関係副詞",14_374_1.webp
本誌_高校リード_英語１.pdf,"文法, 言い換え?",記述式,"関係副詞 > 関係副詞,関係副詞 > 関係副詞,関係副詞 > 関係副詞の非制限用法",14_375_1.webp
本誌_高校リード_英語１.pdf,"文法, 言い換え?",記述式,"関係副詞 > 関係副詞,関係副詞 > 関係副詞,疑問文と疑問詞 > 疑問詞",14_376_1.webp
本誌_高校リード_英語１.pdf,文法,記述式,"関係副詞 > 関係副詞,関係副詞 > 関係副詞,関係代名詞 > 関係代名詞",14_377_1.webp
本誌_高校リード_英語１.pdf,文法,記述式,"疑問文と疑問詞 > 疑問詞,関係副詞 > 関係副詞,関係副詞 > 関係副詞",14_378_1.webp
本誌_高校リード_英語１.pdf,"文法, 自由英作文?",記述式,"関係副詞 > 関係副詞, 自由英作文（説明・要約する） > 自由英作文（説明・要約する）",14_379_1.webp
本誌_高校リード_英語１.pdf,英文和訳?,記述式,関係副詞 > 関係副詞,14_380_1.webp
本誌_高校リード_英語１.pdf,英文和訳?,記述式,関係副詞 > 関係副詞の非制限用法,14_381_1.webp
本誌_高校リード_英語１.pdf,理由の説明?,記述式,関係副詞 > 関係副詞,14_382_1.webp
本誌_高校リード_英語１.pdf,英文和訳?,記述式,"疑問文と疑問詞 > 疑問詞,疑問文と疑問詞 > 疑問詞,関係副詞 > 関係副詞の非制限用法",14_383_1.webp
本誌_高校リード_英語１.pdf,理由の説明?,記述式,疑問文と疑問詞 > 疑問詞,14_384_1.webp
本誌_高校リード_英語１.pdf,要点整理?,,"比較 > 比較級, 比較 > 最上級",14_385_1.webp
本誌_高校リード_英語１.pdf,文法,記述式,"比較 > 比較級,比較 > 最上級",14_386_1.webp
本誌_高校リード_英語１.pdf,要点整理?,,比較 > 原級,14_387_1.webp
本誌_高校リード_英語１.pdf,"文法, 英文和訳?",記述式,比較 > 原級,14_388_1.webp
本誌_高校リード_英語１.pdf,要点整理?,,比較 > 比較級,14_389_1.webp
本誌_高校リード_英語１.pdf,"文法, 英文和訳?",記述式,比較 > 比較級・最上級を修飾する語句,14_390_1.webp
本誌_高校リード_英語１.pdf,要点整理?,,比較 > 最上級,14_391_1.webp
本誌_高校リード_英語１.pdf,文法,記述式,比較 > 最上級の意味を表す比較級・原級の文,14_392_1.webp
本誌_高校リード_英語１.pdf,文法,記述式,比較 > 原級,14_393_1.webp
本誌_高校リード_英語１.pdf,文法,記述式,比較 > 原級,14_394_1.webp
本誌_高校リード_英語１.pdf,文法,記述式,比較 > 比較級,14_395_1.webp
本誌_高校リード_英語１.pdf,文法,記述式,"比較 > 比較級・最上級を修飾する語句,比較 > 比較級",14_396_1.webp
本誌_高校リード_英語１.pdf,"文法, 言い換え?",記述式,"比較 > 比較級,比較 > 原級",14_397_1.webp
本誌_高校リード_英語１.pdf,文法,記述式,比較 > 最上級,14_398_1.webp
本誌_高校リード_英語１.pdf,文法,記述式,比較 > 最上級,14_399_1.webp
本誌_高校リード_英語１.pdf,文法,記述式,"比較 > 比較級,比較 > 原級",14_400_1.webp
本誌_高校リード_英語１.pdf,文法,記述式,"比較 > 比較級,比較 > 最上級,比較 > 倍数表現",14_401_1.webp
本誌_高校リード_英語１.pdf,"文法, 長文（短め）?",選択式,"比較 > 比較級,比較 > 最上級,比較 > 原級",14_402_1.webp
本誌_高校リード_英語１.pdf,"文法, 長文（短め）?",記述式,"比較 > 比較級,比較 > 最上級",14_403_1.webp
本誌_高校リード_英語１.pdf,文法,記述式,"比較 > 比較級を含む重要表現,比較 > 最上級を含む重要表現",14_404_1.webp
本誌_高校リード_英語１.pdf,文法,選択式,"比較 > 比較級・最上級を修飾する語句,比較 > 比較級,比較 > 最上級",14_405_1.webp
本誌_高校リード_英語１.pdf,文法,選択式,"比較 > 比較級,比較 > 比較級を含む重要表現",14_406_1.webp
本誌_高校リード_英語１.pdf,文法,選択式,"比較 > 比較級,比較 > 最上級",14_407_1.webp
本誌_高校リード_英語１.pdf,文法,記述式,"比較 > 比較級,比較 > 最上級,比較 > 原級",14_408_1.webp
本誌_高校リード_英語１.pdf,"文法, 言い換え?",記述式,"比較 > 比較級を含む重要表現,比較 > 最上級を含む重要表現,比較 > 倍数表現",14_409_1.webp
本誌_高校リード_英語１.pdf,文法,記述式,"比較 > 比較級,比較 > 最上級,比較 > 原級",14_410_1.webp
本誌_高校リード_英語１.pdf,文法,記述式,"比較 > 比較級,比較 > 最上級,比較 > 原級,比較 > 比較級を含む重要表現",14_411_1.webp
本誌_高校リード_英語１.pdf,"文法, 和文英訳?",記述式,"比較 > 比較級を含む重要表現,比較 > 最上級を含む重要表現",14_412_1.webp
本誌_高校リード_英語１.pdf,英文和訳?,選択式,比較 > 原級,14_413_1.webp
本誌_高校リード_英語１.pdf,英文和訳?,選択式,比較 > 比較級,14_414_1.webp
本誌_高校リード_英語１.pdf,英文和訳?,記述式,比較 > 原級,14_415_1.webp
本誌_高校リード_英語１.pdf,英文和訳?,記述式,比較 > 原級を含む重要表現,14_416_1.webp
本誌_高校リード_英語１.pdf,英文和訳?,記述式,比較 > 倍数表現,14_417_1.webp
本誌_高校リード_英語１.pdf,文法,選択式,"関係副詞 > 関係副詞,関係代名詞 > 関係代名詞,比較 > 最上級,比較 > 原級,比較 > 比較級・最上級を修飾する語句",14_418_1.webp
本誌_高校リード_英語１.pdf,文法,記述式,"関係代名詞 > 関係代名詞,関係代名詞 > 関係代名詞,関係代名詞 > 関係代名詞の非制限用法,関係代名詞 > 関係代名詞の非制限用法",14_419_1.webp
本誌_高校リード_英語１.pdf,文法,記述式,"比較 > 原級を含む重要表現,比較 > 比較級を含む重要表現",14_420_1.webp
本誌_高校リード_英語１.pdf,文法,記述式,比較 > 比較級・最上級を修飾する語句,14_421_1.webp
本誌_高校リード_英語１.pdf,文法,記述式,"比較 > 倍数表現,分詞 > 付帯状況,比較 > 原級",14_422_1.webp
本誌_高校リード_英語１.pdf,文法,記述式,"関係副詞 > 関係副詞,比較 > 比較級,比較 > 原級,関係代名詞 > 関係代名詞,関係代名詞 > 関係代名詞",14_423_1.webp
本誌_高校リード_英語１.pdf,文法,記述式,"関係副詞 > 関係副詞,比較 > 最上級,比較 > 比較級",14_424_1.webp
本誌_高校リード_英語１.pdf,要点整理?,,仮定法 > 仮定法過去,14_425_1.webp
本誌_高校リード_英語１.pdf,文法,記述式,仮定法 > 仮定法過去,14_426_1.webp
本誌_高校リード_英語１.pdf,要点整理?,,仮定法 > 仮定法過去完了,14_427_1.webp
本誌_高校リード_英語１.pdf,文法,記述式,仮定法 > 仮定法過去完了,14_428_1.webp
本誌_高校リード_英語１.pdf,要点整理?,,仮定法 > 仮定法を含む慣用表現,14_429_1.webp
本誌_高校リード_英語１.pdf,文法,記述式,"仮定法 > 仮定法過去,仮定法 > 仮定法過去完了",14_430_1.webp
本誌_高校リード_英語１.pdf,文法,記述式,"仮定法 > 仮定法過去,仮定法 > I wish＋仮定法過去",14_431_1.webp
本誌_高校リード_英語１.pdf,文法,記述式,"仮定法 > 仮定法過去,仮定法 > as if 〜",14_432_1.webp
本誌_高校リード_英語１.pdf,文法,記述式,"仮定法 > 仮定法過去完了,仮定法 > I wish＋仮定法過去完了",14_433_1.webp
本誌_高校リード_英語１.pdf,文法,記述式,"仮定法 > 仮定法過去完了,仮定法 > I wish＋仮定法過去完了",14_434_1.webp
本誌_高校リード_英語１.pdf,"文法, 言い換え?",記述式,"仮定法 > ifを省略した仮定法,仮定法 > if節に代わる仮定法の表現",14_435_1.webp
本誌_高校リード_英語１.pdf,文法,選択式,"仮定法 > 仮定法過去,仮定法 > 仮定法過去完了,仮定法 > as if 〜",14_436_1.webp
本誌_高校リード_英語１.pdf,文法,記述式,"仮定法 > 仮定法過去,仮定法 > 仮定法過去完了,仮定法 > I wish＋仮定法過去完了",14_437_1.webp
本誌_高校リード_英語１.pdf,"文法, 言い換え?",記述式,"仮定法 > 仮定法過去,仮定法 > 仮定法過去完了,仮定法 > I wish＋仮定法過去完了,仮定法 > as if 〜",14_438_1.webp
本誌_高校リード_英語１.pdf,文法,記述式,"仮定法 > I wish＋仮定法過去完了,仮定法 > I wish＋仮定法過去,仮定法 > 仮定法過去,仮定法 > 仮定法過去完了",14_439_1.webp
本誌_高校リード_英語１.pdf,文法,記述式,"仮定法 > 仮定法過去完了,仮定法 > 仮定法過去",14_440_1.webp
本誌_高校リード_英語１.pdf,文法,記述式,"仮定法 > as if 〜,仮定法 > 仮定法過去完了",14_441_1.webp
本誌_高校リード_英語１.pdf,文法,記述式,"仮定法 > 仮定法過去,仮定法 > 仮定法過去完了,仮定法 > I wish＋仮定法過去完了",14_442_1.webp
本誌_高校リード_英語１.pdf,"文法, 和文英訳?",記述式,仮定法 > 仮定法過去完了,14_443_1.webp
本誌_高校リード_英語１.pdf,英文和訳?,記述式,仮定法 > I wish＋仮定法過去,14_444_1.webp
本誌_高校リード_英語１.pdf,英文和訳?,記述式,仮定法 > if節に代わる仮定法の表現,14_445_1.webp
本誌_高校リード_英語１.pdf,理由の説明?,記述式,仮定法 > 仮定法過去,14_446_1.webp
本誌_高校リード_英語１.pdf,英文和訳?,記述式,仮定法 > as if 〜,14_447_1.webp
本誌_高校リード_英語１.pdf,長文（短め）?,選択式,仮定法 > I wish＋仮定法過去完了,14_448_1.webp
本誌_高校リード_英語１.pdf,要点整理?,,接続詞 > 接続詞,14_449_1.webp
本誌_高校リード_英語１.pdf,要点整理?,,接続詞 > 接続詞,14_450_1.webp
本誌_高校リード_英語１.pdf,文法,記述式,"接続詞 > 接続詞,前置詞 > 前置詞,接続詞 > 接続詞,接続詞 > 接続詞",14_451_1.webp
本誌_高校リード_英語１.pdf,"文法, 言い換え?",記述式,接続詞 > 接続詞を含む表現,14_452_1.webp
本誌_高校リード_英語１.pdf,要点整理?,,接続詞 > 接続詞,14_453_1.webp
本誌_高校リード_英語１.pdf,要点整理?,,接続詞 > 接続詞,14_454_1.webp
本誌_高校リード_英語１.pdf,"文法, 英文和訳?",記述式,"接続詞 > 接続詞,接続詞 > 接続詞",14_455_1.webp
本誌_高校リード_英語１.pdf,要点整理?,,疑問文と疑問詞 > 間接疑問,14_456_1.webp
本誌_高校リード_英語１.pdf,文法,記述式,疑問文と疑問詞 > 間接疑問,14_457_1.webp
本誌_高校リード_英語１.pdf,文法,記述式,接続詞 > 接続詞,14_458_1.webp
本誌_高校リード_英語１.pdf,文法,記述式,接続詞 > 接続詞,14_459_1.webp
本誌_高校リード_英語１.pdf,文法,選択式,"接続詞 > 接続詞,接続詞 > 接続詞,接続詞 > 接続詞,関係代名詞 > 関係代名詞",14_460_1.webp
本誌_高校リード_英語１.pdf,文法,記述式,"接続詞 > 接続詞,関係代名詞 > 関係代名詞,接続詞 > 接続詞",14_461_1.webp
本誌_高校リード_英語１.pdf,"文法, 言い換え?",記述式,接続詞 > 接続詞,14_462_1.webp
本誌_高校リード_英語１.pdf,文法,記述式,関係代名詞 > 関係代名詞,14_463_1.webp
本誌_高校リード_英語１.pdf,文法,記述式,"接続詞 > 接続詞,接続詞 > 接続詞",14_464_1.webp
本誌_高校リード_英語１.pdf,文法,記述式,疑問文と疑問詞 > 間接疑問,14_465_1.webp
本誌_高校リード_英語１.pdf,文法,選択式,"関係代名詞 > 関係代名詞,前置詞 > 前置詞,関係代名詞 > 関係代名詞,接続詞 > 接続詞",14_466_1.webp
本誌_高校リード_英語１.pdf,文法,記述式,"関係代名詞 > 関係代名詞,接続詞 > 接続詞,接続詞 > 接続詞,接続詞 > 接続詞,接続詞 > 接続詞",14_467_1.webp
本誌_高校リード_英語１.pdf,"文法, 言い換え?",記述式,"接続詞 > 接続詞,接続詞 > 接続詞,接続詞 > 接続詞",14_468_1.webp
本誌_高校リード_英語１.pdf,文法,記述式,接続詞 > 接続詞,14_469_1.webp
本誌_高校リード_英語１.pdf,文法,記述式,接続詞 > 接続詞を含む表現,14_470_1.webp
本誌_高校リード_英語１.pdf,文法,記述式,関係代名詞 > 関係代名詞,14_471_1.webp
本誌_高校リード_英語１.pdf,"文法, 和文英訳?",記述式,接続詞 > 接続詞を含む表現,14_472_1.webp
本誌_高校リード_英語１.pdf,英文和訳?,記述式,接続詞 > 接続詞,14_473_1.webp
本誌_高校リード_英語１.pdf,英文和訳?,記述式,接続詞 > 接続詞を含む表現,14_474_1.webp
本誌_高校リード_英語１.pdf,長文（短め）?,選択式,接続詞 > 接続詞,14_475_1.webp
本誌_高校リード_英語１.pdf,英文和訳?,選択式,関係代名詞 > 関係代名詞,14_476_1.webp
本誌_高校リード_英語１.pdf,要約?,記述式,関係代名詞 > 関係代名詞,14_477_1.webp
本誌_高校リード_英語１.pdf,要点整理?,,"不定詞 > 名詞的用法, 不定詞 > 副詞的用法, 不定詞 > 形容詞的用法, 前置詞 > 前置詞, 動名詞 > 動名詞の用法, 分詞 > 現在分詞・過去分詞の前置修飾, 分詞 > 現在分詞・過去分詞の後置修飾",14_478_1.webp
本誌_高校リード_英語１.pdf,要点整理?,,"接続詞 > 接続詞, 疑問文と疑問詞 > 疑問詞, 関係代名詞 > 関係代名詞, 関係副詞 > 関係副詞",14_479_1.webp
本誌_高校リード_英語１.pdf,要点整理?,,接続詞 > 接続詞,14_480_1.webp
本誌_高校リード_英語１.pdf,要点整理?,,"接続詞 > 接続詞, 接続詞 > 接続詞を含む表現, 不定詞 > 不定詞の慣用表現, 動名詞 > 動名詞の用法, 前置詞 > 前置詞",14_481_1.webp
本誌_高校リード_英語１.pdf,文法,選択式,"動名詞 > 動名詞の用法, 分詞 > 現在分詞・過去分詞の後置修飾, 不定詞 > 形容詞的用法, 不定詞 > 副詞的用法",14_482_1.webp
本誌_高校リード_英語１.pdf,文法,選択式,"接続詞 > 接続詞, 関係代名詞 > 関係代名詞, 疑問文と疑問詞 > 間接疑問",14_483_1.webp
本誌_高校リード_英語１.pdf,"文法, 言い換え?",記述式,"不定詞 > 名詞的用法, 動名詞 > 動名詞の用法, 不定詞 > 不定詞の慣用表現, 不定詞 > 形式主語itを用いた不定詞",14_484_1.webp
本誌_高校リード_英語１.pdf,"文法, 言い換え?",選択式,"分詞 > 分詞構文の形, 前置詞 > 前置詞, 分詞 > 現在分詞・過去分詞の後置修飾",14_485_1.webp
本誌_高校リード_英語１.pdf,"文法, 言い換え?",記述式,"接続詞 > 接続詞を含む表現, 前置詞 > 前置詞を含む表現",14_486_1.webp
本誌_高校リード_英語１.pdf,"文法, 言い換え?",記述式,接続詞 > 接続詞,14_487_1.webp
本誌_高校リード_英語１.pdf,"文法, 言い換え?",記述式,特殊構文 > 無生物主語構文,14_488_1.webp
本誌_高校リード_英語１.pdf,"文法, 言い換え?",記述式,"特殊構文 > 名詞構文, 動名詞 > 動名詞の意味上の主語, 前置詞 > 前置詞を含む表現",14_489_1.webp
本誌_高校リード_英語１.pdf,"文法, 言い換え?",記述式,"疑問文と疑問詞 > 間接疑問, 関係代名詞 > 関係代名詞, 接続詞 > 接続詞",14_490_1.webp
本誌_高校リード_英語１.pdf,"文法, 言い換え?",記述式,"否定 > 否定の慣用表現, 特殊構文 > 名詞構文",14_491_1.webp
本誌_高校リード_英語１.pdf,"文法, 言い換え?",記述式,"特殊構文 > 無生物主語構文, 動詞と時制 > 使役動詞, 特殊構文 > 名詞構文",14_492_1.webp
本誌_高校リード_英語１.pdf,英文和訳?,記述式,代名詞 > 指示代名詞,14_493_1.webp
本誌_高校リード_英語１.pdf,英文和訳?,記述式,接続詞 > 接続詞を含む表現,14_494_1.webp
本誌_高校リード_英語１.pdf,英文和訳?,記述式,代名詞 > 人称代名詞,14_495_1.webp
本誌_高校リード_英語１.pdf,英文和訳?,記述式,連語・慣用表現 > 連語・慣用表現,14_496_1.webp
本誌_高校リード_英語１.pdf,英文和訳?,記述式,代名詞 > 形式目的語it,14_497_1.webp
本誌_高校リード_英語１.pdf,要点整理?,,動詞と時制 > 時制の一致,14_498_1.webp
本誌_高校リード_英語１.pdf,文法,記述式,動詞と時制 > 時制の一致,14_499_1.webp
本誌_高校リード_英語１.pdf,要点整理?,,"話法 > 直接話法, 話法 > 間接話法",14_500_1.webp
本誌_高校リード_英語１.pdf,要点整理?,,"話法 > 直接話法, 話法 > 間接話法, 文の種類と文構造 > 命令文",14_501_1.webp
本誌_高校リード_英語１.pdf,文法,記述式,"話法 > 直接話法,話法 > 間接話法",14_502_1.webp
本誌_高校リード_英語１.pdf,要点整理?,,"話法 > 直接話法, 話法 > 間接話法",14_503_1.webp
本誌_高校リード_英語１.pdf,文法,記述式,話法 > 間接話法,14_504_1.webp
本誌_高校リード_英語１.pdf,要点整理?,,"話法 > 直接話法, 話法 > 間接話法, 文の種類と文構造 > 感嘆文",14_505_1.webp
本誌_高校リード_英語１.pdf,文法,選択式,動詞と時制 > 時制の一致,14_506_1.webp
本誌_高校リード_英語１.pdf,文法,記述式,動詞と時制 > 時制の一致,14_507_1.webp
本誌_高校リード_英語１.pdf,文法,記述式,話法 > 間接話法,14_508_1.webp
本誌_高校リード_英語１.pdf,文法,記述式,話法 > 間接話法,14_509_1.webp
本誌_高校リード_英語１.pdf,文法,記述式,話法 > 間接話法,14_510_1.webp
本誌_高校リード_英語１.pdf,文法,記述式,話法 > 間接話法,14_511_1.webp
本誌_高校リード_英語１.pdf,文法,記述式,話法 > 間接話法,14_512_1.webp
本誌_高校リード_英語１.pdf,文法,記述式,話法 > 直接話法,14_513_1.webp
本誌_高校リード_英語１.pdf,文法,選択式,動詞と時制 > 時制の一致,14_514_1.webp
本誌_高校リード_英語１.pdf,文法,記述式,話法 > 間接話法,14_515_1.webp
本誌_高校リード_英語１.pdf,文法,記述式,話法 > 直接話法,14_516_1.webp
本誌_高校リード_英語１.pdf,"文法, 和文英訳?",記述式,"話法 > 直接話法,話法 > 間接話法",14_517_1.webp
本誌_高校リード_英語１.pdf,英文和訳?,記述式,話法 > 間接話法,14_518_1.webp
本誌_高校リード_英語１.pdf,英文和訳?,記述式,動詞と時制 > 時制の一致,14_519_1.webp
本誌_高校リード_英語１.pdf,英文和訳?,記述式,話法 > 直接話法,14_520_1.webp
本誌_高校リード_英語１.pdf,英文和訳?,記述式,話法 > 間接話法,14_521_1.webp
本誌_高校リード_英語１.pdf,英文和訳?,記述式,話法 > 間接話法,14_522_1.webp
本誌_高校リード_英語１.pdf,英文和訳?,記述式,話法 > 間接話法,14_523_1.webp
本誌_高校リード_英語１.pdf,文法,選択式,"関係代名詞 > 関係代名詞,接続詞 > 接続詞,仮定法 > 仮定法過去,仮定法 > 仮定法過去完了",14_524_1.webp
本誌_高校リード_英語１.pdf,文法,記述式,"仮定法 > 仮定法過去,仮定法 > 仮定法過去完了,仮定法 > I wish＋仮定法過去,仮定法 > as if 〜,仮定法 > if節に代わる仮定法の表現",14_525_1.webp
本誌_高校リード_英語１.pdf,"文法, 言い換え?",記述式,"仮定法 > 仮定法過去完了,仮定法 > 仮定法過去,仮定法 > I wish＋仮定法過去完了,仮定法 > I wish＋仮定法過去,仮定法 > 仮定法過去完了",14_526_1.webp
本誌_高校リード_英語１.pdf,文法,記述式,話法 > 間接話法,14_527_1.webp
本誌_高校リード_英語１.pdf,"文法, 言い換え?",記述式,動詞と時制 > 時制の一致,14_528_1.webp
本誌_高校リード_英語１.pdf,文法,記述式,"接続詞 > 接続詞を含む表現, 疑問文と疑問詞 > 間接疑問, 話法 > 間接話法",14_529_1.webp
本誌_高校リード_英語１.pdf,文法,記述式,"仮定法 > 仮定法過去完了,話法 > 間接話法,話法 > 直接話法",14_530_1.webp
本誌_高校リード_英語１.pdf,"文法, 和文英訳?",記述式,動詞と時制 > 時制の一致,14_531_1.webp
本誌_高校リード_英語１.pdf,要点整理?,,名詞 > 名詞,14_532_1.webp
本誌_高校リード_英語１.pdf,文法,選択式,"名詞 > 名詞,名詞 > 名詞",14_533_1.webp
本誌_高校リード_英語１.pdf,要点整理?,,名詞 > 名詞,14_534_1.webp
本誌_高校リード_英語１.pdf,"文法, 語句・単語?",記述式,名詞 > 名詞,14_535_1.webp
本誌_高校リード_英語１.pdf,要点整理?,,名詞 > 名詞,14_536_1.webp
本誌_高校リード_英語１.pdf,文法,記述式,代名詞 > 人称代名詞,14_537_1.webp
本誌_高校リード_英語１.pdf,要点整理?,,冠詞 > 冠詞,14_538_1.webp
本誌_高校リード_英語１.pdf,文法,記述式,冠詞 > 冠詞,14_539_1.webp
本誌_高校リード_英語１.pdf,要点整理?,,冠詞 > 冠詞,14_540_1.webp
本誌_高校リード_英語１.pdf,文法,記述式,冠詞 > 冠詞,14_541_1.webp
本誌_高校リード_英語１.pdf,要点整理?,,冠詞 > 冠詞,14_542_1.webp
本誌_高校リード_英語１.pdf,文法,記述式,冠詞 > 冠詞,14_543_1.webp
本誌_高校リード_英語１.pdf,文法,選択式,"名詞 > 名詞,名詞 > 名詞",14_544_1.webp
本誌_高校リード_英語１.pdf,文法,選択式,"名詞 > 名詞,名詞 > 名詞",14_545_1.webp
本誌_高校リード_英語１.pdf,文法,記述式,名詞 > 名詞,14_546_1.webp
本誌_高校リード_英語１.pdf,文法,記述式,名詞 > 名詞,14_547_1.webp
本誌_高校リード_英語１.pdf,文法,記述式,代名詞 > 人称代名詞,14_548_1.webp
本誌_高校リード_英語１.pdf,文法,記述式,冠詞 > 冠詞,14_549_1.webp
本誌_高校リード_英語１.pdf,文法,記述式,冠詞 > 冠詞,14_550_1.webp
本誌_高校リード_英語１.pdf,文法,記述式,"冠詞 > 冠詞,冠詞 > 冠詞,冠詞 > 冠詞",14_551_1.webp
本誌_高校リード_英語１.pdf,"文法, 英文和訳?",記述式,"冠詞 > 冠詞,冠詞 > 冠詞",14_552_1.webp
本誌_高校リード_英語１.pdf,文法,記述式,"冠詞 > 冠詞,冠詞 > 冠詞",14_553_1.webp
本誌_高校リード_英語１.pdf,文法,選択式,冠詞 > 冠詞,14_554_1.webp
本誌_高校リード_英語１.pdf,文法,選択式,"冠詞 > 冠詞,冠詞 > 冠詞,冠詞 > 冠詞",14_555_1.webp
本誌_高校リード_英語１.pdf,文法,記述式,"名詞 > 名詞,名詞 > 名詞,名詞 > 名詞",14_556_1.webp
本誌_高校リード_英語１.pdf,文法,記述式,"冠詞 > 冠詞,冠詞 > 冠詞,冠詞 > 冠詞",14_557_1.webp
本誌_高校リード_英語１.pdf,文法,記述式,"冠詞 > 冠詞,冠詞 > 冠詞,冠詞 > 冠詞",14_558_1.webp
本誌_高校リード_英語１.pdf,"文法, 言い換え?",記述式,"名詞 > 名詞,名詞 > 名詞",14_559_1.webp
本誌_高校リード_英語１.pdf,文法,選択式,冠詞 > 冠詞,14_560_1.webp
本誌_高校リード_英語１.pdf,文法,記述式,冠詞 > 冠詞,14_561_1.webp
本誌_高校リード_英語１.pdf,"文法, 和文英訳?",記述式,冠詞 > 冠詞,14_562_1.webp
本誌_高校リード_英語１.pdf,英文和訳,記述式,名詞 > 名詞,14_563_1.webp
本誌_高校リード_英語１.pdf,理由の説明?,記述式,冠詞 > 冠詞,14_564_1.webp
本誌_高校リード_英語１.pdf,英文和訳,記述式,"名詞 > 名詞,冠詞 > 冠詞",14_565_1.webp
本誌_高校リード_英語１.pdf,英文和訳,記述式,冠詞 > 冠詞,14_566_1.webp
本誌_高校リード_英語１.pdf,要点整理?,,"代名詞 > 人称代名詞, 代名詞 > 再帰代名詞",14_567_1.webp
本誌_高校リード_英語１.pdf,文法,記述式,代名詞 > 人称代名詞,14_568_1.webp
本誌_高校リード_英語１.pdf,"文法, 英文和訳?",記述式,代名詞 > 人称代名詞,14_569_1.webp
本誌_高校リード_英語１.pdf,要点整理?,,"代名詞 > itの特別用法, 代名詞 > 指示代名詞",14_570_1.webp
本誌_高校リード_英語１.pdf,文法,選択式,"代名詞 > 指示代名詞,代名詞 > itの特別用法",14_571_1.webp
本誌_高校リード_英語１.pdf,要点整理?,,疑問文と疑問詞 > 疑問詞,14_572_1.webp
本誌_高校リード_英語１.pdf,文法,記述式,"疑問文と疑問詞 > 疑問詞,疑問文と疑問詞 > 疑問詞,疑問文と疑問詞 > 疑問詞",14_573_1.webp
本誌_高校リード_英語１.pdf,要点整理?,,代名詞 > 不定代名詞,14_574_1.webp
本誌_高校リード_英語１.pdf,文法,選択式,代名詞 > 不定代名詞,14_575_1.webp
本誌_高校リード_英語１.pdf,要点整理?,,代名詞 > 不定代名詞,14_576_1.webp
本誌_高校リード_英語１.pdf,文法,選択式,代名詞 > 不定代名詞,14_577_1.webp
本誌_高校リード_英語１.pdf,文法,選択式,代名詞 > 人称代名詞,14_578_1.webp
本誌_高校リード_英語１.pdf,文法,記述式,代名詞 > 人称代名詞,14_579_1.webp
本誌_高校リード_英語１.pdf,文法,記述式,代名詞 > 人称代名詞,14_580_1.webp
本誌_高校リード_英語１.pdf,"文法, 言い換え?",記述式,代名詞 > 人称代名詞,14_581_1.webp
本誌_高校リード_英語１.pdf,文法,記述式,代名詞 > 人称代名詞,14_582_1.webp
本誌_高校リード_英語１.pdf,文法,選択式,"代名詞 > 指示代名詞,代名詞 > itの特別用法",14_583_1.webp
本誌_高校リード_英語１.pdf,文法,記述式,"疑問文と疑問詞 > 疑問詞,疑問文と疑問詞 > 疑問詞,疑問文と疑問詞 > 疑問詞,疑問文と疑問詞 > 疑問詞",14_584_1.webp
本誌_高校リード_英語１.pdf,文法,記述式,代名詞 > 不定代名詞,14_585_1.webp
本誌_高校リード_英語１.pdf,文法,記述式,代名詞 > 不定代名詞,14_586_1.webp
本誌_高校リード_英語１.pdf,文法,記述式,代名詞 > 不定代名詞,14_587_1.webp
本誌_高校リード_英語１.pdf,文法,選択式,"代名詞 > 指示代名詞,疑問文と疑問詞 > 疑問詞,代名詞 > 不定代名詞",14_588_1.webp
本誌_高校リード_英語１.pdf,文法,記述式,代名詞 > 人称代名詞,14_589_1.webp
本誌_高校リード_英語１.pdf,文法,記述式,代名詞 > 不定代名詞,14_590_1.webp
本誌_高校リード_英語１.pdf,文法,記述式,代名詞 > 人称代名詞,14_591_1.webp
本誌_高校リード_英語１.pdf,文法,選択式,代名詞 > itの特別用法,14_592_1.webp
本誌_高校リード_英語１.pdf,"文法, 言い換え?",記述式,"代名詞 > 不定代名詞,代名詞 > itの特別用法,代名詞 > 形式主語it,代名詞 > 人称代名詞",14_593_1.webp
本誌_高校リード_英語１.pdf,"文法, 英文和訳?",記述式,代名詞 > 指示代名詞,14_594_1.webp
本誌_高校リード_英語１.pdf,"文法, 和文英訳?",記述式,"代名詞 > 形式目的語it,代名詞 > 不定代名詞",14_595_1.webp
本誌_高校リード_英語１.pdf,英文和訳,記述式,代名詞 > 不定代名詞,14_596_1.webp
本誌_高校リード_英語１.pdf,英文和訳,記述式,"代名詞 > 不定代名詞,代名詞 > 指示代名詞",14_597_1.webp
本誌_高校リード_英語１.pdf,英文和訳,記述式,代名詞 > 人称代名詞,14_598_1.webp
本誌_高校リード_英語１.pdf,英文和訳,記述式,代名詞 > 不定代名詞,14_599_1.webp
本誌_高校リード_英語１.pdf,理由の説明?,記述式,代名詞 > 人称代名詞,14_600_1.webp
本誌_高校リード_英語１.pdf,要点整理?,,形容詞 > 形容詞,14_601_1.webp
本誌_高校リード_英語１.pdf,文法,記述式,"形容詞 > 形容詞,形容詞 > 形容詞",14_602_1.webp
本誌_高校リード_英語１.pdf,要点整理?,,形容詞 > 形容詞,14_603_1.webp
本誌_高校リード_英語１.pdf,文法,選択式,形容詞 > 形容詞,14_604_1.webp
本誌_高校リード_英語１.pdf,要点整理?,,副詞 > 副詞,14_605_1.webp
本誌_高校リード_英語１.pdf,文法,記述式,"副詞 > 副詞,副詞 > 副詞",14_606_1.webp
本誌_高校リード_英語１.pdf,文法,選択式,副詞 > 副詞,14_607_1.webp
本誌_高校リード_英語１.pdf,要点整理?,,副詞 > 副詞,14_608_1.webp
本誌_高校リード_英語１.pdf,文法,記述式,"形容詞 > 形容詞,形容詞 > 形容詞",14_609_1.webp
本誌_高校リード_英語１.pdf,文法,記述式,"形容詞 > 形容詞,形容詞 > 形容詞",14_610_1.webp
本誌_高校リード_英語１.pdf,文法,記述式,形容詞 > 形容詞,14_611_1.webp
本誌_高校リード_英語１.pdf,文法,記述式,形容詞 > 形容詞,14_612_1.webp
本誌_高校リード_英語１.pdf,文法,選択式,"形容詞 > 形容詞,副詞 > 副詞",14_613_1.webp
本誌_高校リード_英語１.pdf,"文法, 言い換え?",記述式,"副詞 > 副詞,副詞 > 副詞",14_614_1.webp
本誌_高校リード_英語１.pdf,文法,記述式,"副詞 > 副詞,副詞 > 副詞",14_615_1.webp
本誌_高校リード_英語１.pdf,文法,選択式,"副詞 > 副詞,副詞 > 副詞",14_616_1.webp
本誌_高校リード_英語１.pdf,文法,記述式,副詞 > 副詞,14_617_1.webp
本誌_高校リード_英語１.pdf,文法,記述式,副詞 > 副詞,14_618_1.webp
本誌_高校リード_英語１.pdf,文法,選択式,"形容詞 > 形容詞,形容詞 > 形容詞,副詞 > 副詞,副詞 > 副詞",14_619_1.webp
本誌_高校リード_英語１.pdf,"文法, 言い換え?",記述式,"形容詞 > 形容詞,副詞 > 副詞",14_620_1.webp
本誌_高校リード_英語１.pdf,文法,記述式,"形容詞 > 形容詞,副詞 > 副詞",14_621_1.webp
本誌_高校リード_英語１.pdf,文法,記述式,副詞 > 副詞,14_622_1.webp
本誌_高校リード_英語１.pdf,"文法, 和文英訳?",記述式,副詞 > 副詞,14_623_1.webp
本誌_高校リード_英語１.pdf,英文和訳?,記述式,"形容詞 > 形容詞,副詞 > 副詞",14_624_1.webp
本誌_高校リード_英語１.pdf,長文（短め）,選択式,"形容詞 > 形容詞,副詞 > 副詞",14_625_1.webp
本誌_高校リード_英語１.pdf,英文和訳?,記述式,形容詞 > 形容詞,14_626_1.webp
本誌_高校リード_英語１.pdf,理由の説明?,記述式,"形容詞 > 形容詞,副詞 > 副詞",14_627_1.webp
本誌_高校リード_英語１.pdf,要点整理?,,特殊構文 > 強調,14_628_1.webp
本誌_高校リード_英語１.pdf,文法,記述式,特殊構文 > 強調,14_629_1.webp
本誌_高校リード_英語１.pdf,要点整理?,,"否定 > 強い否定, 代名詞 > 不定代名詞",14_630_1.webp
本誌_高校リード_英語１.pdf,要点整理?,,否定 > 準否定,14_631_1.webp
本誌_高校リード_英語１.pdf,要点整理?,,"否定 > 部分否定, 否定 > 二重否定, 否定 > 否定の慣用表現",14_632_1.webp
本誌_高校リード_英語１.pdf,"文法, 英文和訳?",記述式,"否定 > 強い否定,否定 > 準否定,否定 > 部分否定,否定 > 二重否定,否定 > 否定の慣用表現",14_633_1.webp
本誌_高校リード_英語１.pdf,文法,記述式,特殊構文 > 強調,14_634_1.webp
本誌_高校リード_英語１.pdf,文法,記述式,特殊構文 > 強調,14_635_1.webp
本誌_高校リード_英語１.pdf,"文法, 英文和訳?",記述式,特殊構文 > 強調,14_636_1.webp
本誌_高校リード_英語１.pdf,文法,記述式,特殊構文 > 強調,14_637_1.webp
本誌_高校リード_英語１.pdf,"文法, 英文和訳?",記述式,否定 > 強い否定,14_638_1.webp
本誌_高校リード_英語１.pdf,文法,記述式,代名詞 > 不定代名詞,14_639_1.webp
本誌_高校リード_英語１.pdf,文法,記述式,否定 > 強い否定,14_640_1.webp
本誌_高校リード_英語１.pdf,"文法, 英文和訳?",記述式,否定 > 部分否定,14_641_1.webp
本誌_高校リード_英語１.pdf,文法,記述式,否定 > 準否定,14_642_1.webp
本誌_高校リード_英語１.pdf,文法,記述式,"否定 > 二重否定,否定 > 否定の慣用表現",14_643_1.webp
本誌_高校リード_英語１.pdf,文法,選択式,"特殊構文 > 強調,代名詞 > 不定代名詞",14_644_1.webp
本誌_高校リード_英語１.pdf,"文法, 言い換え?",記述式,"特殊構文 > 強調,否定 > 部分否定,否定 > 強い否定,代名詞 > 不定代名詞",14_645_1.webp
本誌_高校リード_英語１.pdf,文法,記述式,特殊構文 > 強調,14_646_1.webp
本誌_高校リード_英語１.pdf,"文法, 和文英訳?",記述式,"特殊構文 > 強調,否定 > 準否定",14_647_1.webp
本誌_高校リード_英語１.pdf,英文和訳?,記述式,否定 > 準否定,14_648_1.webp
本誌_高校リード_英語１.pdf,英文和訳?,記述式,否定 > 部分否定,14_649_1.webp
本誌_高校リード_英語１.pdf,英文和訳?,記述式,否定 > 部分否定,14_650_1.webp
本誌_高校リード_英語１.pdf,英文和訳?,記述式,特殊構文 > 強調,14_651_1.webp
本誌_高校リード_英語１.pdf,理由の説明?,記述式,否定 > 否定の慣用表現,14_652_1.webp
本誌_高校リード_英語１.pdf,英文和訳?,記述式,否定 > 否定の慣用表現,14_653_1.webp
本誌_高校リード_英語１.pdf,要点整理?,,前置詞 > 前置詞,14_654_1.webp
本誌_高校リード_英語１.pdf,文法,選択式,"前置詞 > 前置詞,前置詞 > 前置詞,接続詞 > 接続詞,前置詞 > 前置詞,前置詞 > 前置詞",14_655_1.webp
本誌_高校リード_英語１.pdf,文法,選択式,"前置詞 > 前置詞,前置詞 > 前置詞,接続詞 > 接続詞,前置詞 > 前置詞,前置詞 > 前置詞",14_656_1.webp
本誌_高校リード_英語１.pdf,要点整理?,,前置詞 > 前置詞,14_657_1.webp
本誌_高校リード_英語１.pdf,要点整理?,,"前置詞 > 前置詞, 前置詞 > 前置詞を含む表現",14_658_1.webp
本誌_高校リード_英語１.pdf,要点整理?,,"前置詞 > 前置詞, 前置詞 > 前置詞を含む表現",14_659_1.webp
本誌_高校リード_英語１.pdf,文法,記述式,"前置詞 > 前置詞,前置詞 > 前置詞,接続詞 > 接続詞,前置詞 > 前置詞,前置詞 > 前置詞",14_660_1.webp
本誌_高校リード_英語１.pdf,文法,選択式,"前置詞 > 前置詞,前置詞 > 前置詞,前置詞 > 前置詞,前置詞 > 前置詞,前置詞 > 前置詞",14_661_1.webp
本誌_高校リード_英語１.pdf,文法,記述式,前置詞 > 前置詞,14_662_1.webp
本誌_高校リード_英語１.pdf,文法,記述式,前置詞 > 前置詞,14_663_1.webp
本誌_高校リード_英語１.pdf,文法,記述式,連語・慣用表現 > 連語・慣用表現,14_664_1.webp
本誌_高校リード_英語１.pdf,文法,選択式,連語・慣用表現 > 連語・慣用表現,14_665_1.webp
本誌_高校リード_英語１.pdf,文法,記述式,連語・慣用表現 > 連語・慣用表現,14_666_1.webp
本誌_高校リード_英語１.pdf,文法,選択式,"連語・慣用表現 > 連語・慣用表現,前置詞 > 前置詞,前置詞 > 前置詞,前置詞 > 前置詞",14_667_1.webp
本誌_高校リード_英語１.pdf,文法,記述式,"接続詞 > 接続詞,前置詞 > 前置詞,前置詞 > 前置詞,前置詞 > 前置詞,前置詞 > 前置詞",14_668_1.webp
本誌_高校リード_英語１.pdf,文法,記述式,前置詞 > 前置詞,14_669_1.webp
本誌_高校リード_英語１.pdf,文法,選択式,前置詞 > 前置詞,14_670_1.webp
本誌_高校リード_英語１.pdf,"文法, 言い換え?",記述式,前置詞 > 前置詞,14_671_1.webp
本誌_高校リード_英語１.pdf,文法,記述式,"前置詞 > 前置詞,連語・慣用表現 > 連語・慣用表現",14_672_1.webp
本誌_高校リード_英語１.pdf,"文法, 和文英訳?",記述式,"前置詞 > 前置詞,前置詞 > 前置詞,前置詞 > 前置詞",14_673_1.webp
本誌_高校リード_英語１.pdf,英文和訳?,記述式,前置詞 > 前置詞,14_674_1.webp
本誌_高校リード_英語１.pdf,英文和訳?,記述式,前置詞 > 前置詞,14_675_1.webp
本誌_高校リード_英語１.pdf,英文和訳?,記述式,連語・慣用表現 > 連語・慣用表現,14_676_1.webp
本誌_高校リード_英語１.pdf,英文和訳?,記述式,"前置詞 > 前置詞,前置詞 > 前置詞",14_677_1.webp
本誌_高校リード_英語１.pdf,理由の説明?,記述式,連語・慣用表現 > 連語・慣用表現,14_678_1.webp
本誌_高校リード_英語１.pdf,理由の説明?,記述式,連語・慣用表現 > 連語・慣用表現,14_679_1.webp
本誌_高校リード_英語１.pdf,文法?,選択式,"代名詞 > 不定代名詞,形容詞 > 形容詞,前置詞 > 前置詞,前置詞 > 前置詞",14_680_1.webp
本誌_高校リード_英語１.pdf,文法?,記述式,"前置詞 > 前置詞,接続詞 > 接続詞,前置詞 > 前置詞,前置詞 > 前置詞,前置詞 > 前置詞",14_681_1.webp
本誌_高校リード_英語１.pdf,文法?,記述式,"接続詞 > 接続詞,前置詞 > 前置詞,前置詞 > 前置詞,前置詞 > 前置詞,前置詞 > 前置詞",14_682_1.webp
本誌_高校リード_英語１.pdf,文法?,選択式,連語・慣用表現 > 連語・慣用表現,14_683_1.webp
本誌_高校リード_英語１.pdf,文法?,記述式,"名詞 > 名詞,名詞 > 名詞,代名詞 > 人称代名詞",14_684_1.webp
本誌_高校リード_英語１.pdf,文法?,記述式,"特殊構文 > 強調,代名詞 > 不定代名詞,否定 > 否定の慣用表現,否定 > 強い否定",14_685_1.webp
本誌_高校リード_英語１.pdf,文法?,記述式,"否定 > 準否定,前置詞 > 前置詞,代名詞 > 不定代名詞",14_686_1.webp
本誌_高校リード_英語１.pdf,文法?,記述式,"否定 > 部分否定,代名詞 > 形式目的語it,特殊構文 > 強調",14_687_1.webp
本誌_高校リード_英語１.pdf,要点整理?,,発音 > 発音,14_688_1.webp
本誌_高校リード_英語１.pdf,語句・単語?,選択式,発音 > 発音,14_689_1.webp
本誌_高校リード_英語１.pdf,要点整理?,,発音 > 発音,14_690_1.webp
本誌_高校リード_英語１.pdf,語句・単語?,記述式,発音 > 発音,14_691_1.webp
本誌_高校リード_英語１.pdf,語句・単語?,記述式,発音 > 発音,14_692_1.webp
本誌_高校リード_英語１.pdf,要点整理?,,アクセント > アクセント,14_693_1.webp
本誌_高校リード_英語１.pdf,語句・単語?,選択式,アクセント > アクセント,14_694_1.webp
本誌_高校リード_英語１.pdf,要点整理?,,イントネーション > イントネーション,14_695_1.webp
本誌_高校リード_英語１.pdf,語句・単語?,選択式,イントネーション > イントネーション,14_696_1.webp
本誌_高校リード_英語１.pdf,語句・単語?,選択式,発音 > 発音,14_697_1.webp
本誌_高校リード_英語１.pdf,語句・単語?,選択式,発音 > 発音,14_698_1.webp
本誌_高校リード_英語１.pdf,語句・単語?,選択式,アクセント > アクセント,14_699_1.webp
本誌_高校リード_英語１.pdf,語句・単語?,選択式,イントネーション > イントネーション,14_700_1.webp
本誌_高校リード_英語１.pdf,語句・単語?,選択式,発音 > 発音,14_701_1.webp
本誌_高校リード_英語１.pdf,語句・単語?,選択式,発音 > 発音,14_702_1.webp
本誌_高校リード_英語１.pdf,語句・単語?,選択式,アクセント > アクセント,14_703_1.webp
本誌_高校リード_英語１.pdf,語句・単語?,選択式,イントネーション > イントネーション,14_704_1.webp
本誌_高校リード_英語１.pdf,文法?,選択式,"動名詞 > 動詞の目的語が動名詞か不定詞か,受け身 > 受け身の用法,仮定法 > I wish＋仮定法過去",14_705_1.webp
本誌_高校リード_英語１.pdf,文法?,記述式,"助動詞 > 助動詞,動詞と時制 > 過去形,助動詞 > 助動詞",14_706_1.webp
本誌_高校リード_英語１.pdf,"文法?, 言い換え?",記述式,"動詞と時制 > 使役動詞,動詞と時制 > 助動詞＋完了形,関係代名詞 > 関係代名詞",14_707_1.webp
本誌_高校リード_英語１.pdf,文法?,記述式,"分詞 > 現在分詞・過去分詞の後置修飾,動名詞 > 動詞の目的語が動名詞か不定詞か,比較 > 比較級",14_708_1.webp
本誌_高校リード_英語１.pdf,文法?,記述式,"代名詞 > 形式主語it,比較 > 原級,不定詞 > 形容詞的用法",14_709_1.webp
本誌_高校リード_英語１.pdf,長文（短め）?,記述式,"話法 > 間接話法,関係代名詞 > 関係代名詞,前置詞 > 前置詞,前置詞 > 前置詞,前置詞 > 前置詞",14_710_1.webp
本誌_高校リード_英語１.pdf,文法?,選択式,"動詞と時制 > 未来を表す表現（will）,動詞と時制 > 助動詞＋完了形,仮定法 > if節に代わる仮定法の表現",14_711_1.webp
本誌_高校リード_英語１.pdf,文法?,記述式,"分詞 > 現在分詞・過去分詞の後置修飾,比較 > 比較級,動名詞 > 動名詞の用法,仮定法 > 仮定法過去",14_712_1.webp
本誌_高校リード_英語１.pdf,"文法?, 言い換え?",記述式,"動詞と時制 > 現在完了形,比較 > 原級を含む重要表現,分詞 > 否定の分詞構文",14_713_1.webp
本誌_高校リード_英語１.pdf,文法?,記述式,"受け身 > 助動詞＋受け身,関係代名詞 > 関係代名詞,比較 > 最上級の意味を表す比較級・原級の文",14_714_1.webp
本誌_高校リード_英語１.pdf,文法?,記述式,"分詞 > 付帯状況,動名詞 > 動名詞の用法,助動詞 > 助動詞",14_715_1.webp
本誌_高校リード_英語１.pdf,長文（短め）?,記述式,"疑問文と疑問詞 > 間接疑問,分詞 > 付帯状況,比較 > 比較級・最上級を修飾する語句",14_716_1.webp
本誌_高校リード_英語１.pdf,文法?,選択式,"比較 > 原級,動名詞 > 動詞の目的語が動名詞か不定詞か",14_717_1.webp
本誌_高校リード_英語１.pdf,文法?,記述式,"不定詞 > 不定詞の慣用表現,関係代名詞 > 関係代名詞",14_718_1.webp
本誌_高校リード_英語１.pdf,文法?,記述式,語彙 > 語彙,14_719_1.webp
本誌_高校リード_英語１.pdf,文法?,記述式,"分詞 > 分詞構文の形,仮定法 > 仮定法過去",14_720_1.webp
本誌_高校リード_英語１.pdf,"文法?, 言い換え?",記述式,不定詞 > 不定詞の慣用表現,14_721_1.webp
本誌_高校リード_英語１.pdf,文法?,記述式,"不定詞 > 形式主語itを用いた不定詞,分詞 > 使役動詞＋O＋分詞",14_722_1.webp
本誌_高校リード_英語１.pdf,"文法?, 和文英訳?",記述式,助動詞 > 助動詞,14_723_1.webp
本誌_高校リード_英語１.pdf,長文（短め）?,記述式,"仮定法 > 仮定法過去完了,不定詞 > 副詞的用法,動詞と時制 > 時制の一致",14_724_1.webp
本誌_高校リード_英語１.pdf,文法?,選択式,"動名詞 > 動詞の目的語が動名詞か不定詞か,助動詞 > 助動詞,仮定法 > 仮定法過去",14_725_1.webp
本誌_高校リード_英語１.pdf,"文法?, 言い換え?",記述式,"話法 > 間接話法,不定詞 > 不定詞の慣用表現",14_726_1.webp
本誌_高校リード_英語１.pdf,文法?,記述式,"文の種類と文構造 > 感嘆文,疑問文と疑問詞 > 疑問詞,疑問文と疑問詞 > 付加疑問文",14_727_1.webp
本誌_高校リード_英語１.pdf,"文法?, 言い換え?",記述式,"仮定法 > 仮定法過去完了,関係代名詞 > 関係代名詞",14_728_1.webp
本誌_高校リード_英語１.pdf,長文（短め）?,記述式,英語長文（教育） > 英語長文（教育）,14_729_1.webp
本誌_高校リード_英語１.pdf,長文（短め）?,選択式,英語長文（その他） > 英語長文（その他）,14_730_1.webp
本誌_高校リード_英語１.pdf,長文（短め）?,選択式,英語長文（その他） > 英語長文（その他）,14_731_1.webp
本誌_高校リード_英語１.pdf,"長文（短め）?, 英文和訳?",記述式,英語長文（歴史・人類・文明） > 英語長文（歴史・人類・文明）,14_732_1.webp
本誌_高校リード_英語１.pdf,長文（短め）?,記述式,英語長文（健康・医療・心理） > 英語長文（健康・医療・心理）,14_733_1.webp
本誌_高校リード_英語１.pdf,長文（短め）?,選択式,英語長文（健康・医療・心理） > 英語長文（健康・医療・心理）,14_734_1.webp
本誌_高校リード_英文法B.pdf,要点整理?,,文の種類と文構造 > 五文型,19_1_1.webp
本誌_高校リード_英文法B.pdf,要点整理?,,文の種類と文構造 > 五文型,19_2_1.webp
本誌_高校リード_英文法B.pdf,文法,記述式,"文の種類と文構造 > 五文型,文の種類と文構造 > 五文型,文の種類と文構造 > 五文型",19_3_1.webp
本誌_高校リード_英文法B.pdf,要点整理?,,文の種類と文構造 > 五文型,19_4_1.webp
本誌_高校リード_英文法B.pdf,"文法, 語句・単語?, 和文英訳?",記述式,文の種類と文構造 > 五文型,19_5_1.webp
本誌_高校リード_英文法B.pdf,"文法?, 英文和訳?",記述式,文の種類と文構造 > 五文型,19_6_1.webp
本誌_高校リード_英文法B.pdf,文法,記述式,"形容詞 > 形容詞, 不定詞 > 形容詞的用法, 分詞 > 現在分詞・過去分詞の後置修飾, 関係代名詞 > 関係代名詞の省略（接触節）",19_7_1.webp
本誌_高校リード_英文法B.pdf,文法,記述式,文の種類と文構造 > 五文型,19_8_1.webp
本誌_高校リード_英文法B.pdf,文法,選択式,文の種類と文構造 > 五文型,19_9_1.webp
本誌_高校リード_英文法B.pdf,文法,選択式,"文の種類と文構造 > 五文型,文の種類と文構造 > 五文型",19_10_1.webp
本誌_高校リード_英文法B.pdf,"文法, 言い換え?, 語句・単語?",記述式,"文の種類と文構造 > 五文型,文の種類と文構造 > 五文型",19_11_1.webp
本誌_高校リード_英文法B.pdf,文法,記述式,"文の種類と文構造 > 五文型,文の種類と文構造 > 五文型",19_12_1.webp
本誌_高校リード_英文法B.pdf,文法,選択式,文の種類と文構造 > 五文型,19_13_1.webp
本誌_高校リード_英文法B.pdf,"文法, 英文和訳?",記述式,"文の種類と文構造 > 五文型,文の種類と文構造 > 五文型,文の種類と文構造 > 五文型,文の種類と文構造 > 五文型,文の種類と文構造 > 五文型",19_14_1.webp
本誌_高校リード_英文法B.pdf,"文法, 語句・単語?",選択式,"文の種類と文構造 > 五文型,文の種類と文構造 > 五文型,文の種類と文構造 > 五文型,文の種類と文構造 > 五文型,文の種類と文構造 > 五文型",19_15_1.webp
本誌_高校リード_英文法B.pdf,文法,選択式,"文の種類と文構造 > 五文型,文の種類と文構造 > 五文型,文の種類と文構造 > 五文型,文の種類と文構造 > 五文型,文の種類と文構造 > 五文型",19_16_1.webp
本誌_高校リード_英文法B.pdf,"文法, 語句・単語?",記述式,"文の種類と文構造 > 五文型,文の種類と文構造 > 五文型,文の種類と文構造 > 五文型,文の種類と文構造 > 五文型,文の種類と文構造 > 五文型",19_17_1.webp
本誌_高校リード_英文法B.pdf,文法,記述式,"文の種類と文構造 > 五文型,文の種類と文構造 > 五文型,文の種類と文構造 > 五文型,文の種類と文構造 > 五文型,文の種類と文構造 > 五文型",19_18_1.webp
本誌_高校リード_英文法B.pdf,文法,記述式,"文の種類と文構造 > 五文型,文の種類と文構造 > 五文型,文の種類と文構造 > 五文型,文の種類と文構造 > 五文型",19_19_1.webp
本誌_高校リード_英文法B.pdf,要点整理?,,"動詞と時制 > 現在形, 動詞と時制 > 過去形, 動詞と時制 > 未来を表す表現（will）, 疑問文と疑問詞 > 選択疑問文, 疑問文と疑問詞 > 否定疑問文, 疑問文と疑問詞 > 付加疑問文",19_20_1.webp
本誌_高校リード_英文法B.pdf,文法,記述式,疑問文と疑問詞 > 付加疑問文,19_21_1.webp
本誌_高校リード_英文法B.pdf,要点整理?,,"文の種類と文構造 > 命令文, 文の種類と文構造 > Let's 〜の表現, 文の種類と文構造 > 感嘆文",19_22_1.webp
本誌_高校リード_英文法B.pdf,文法,記述式,"文の種類と文構造 > 命令文,文の種類と文構造 > 命令文,文の種類と文構造 > 感嘆文",19_23_1.webp
本誌_高校リード_英文法B.pdf,文法,記述式,疑問文と疑問詞 > 付加疑問文,19_24_1.webp
本誌_高校リード_英文法B.pdf,文法,記述式,"疑問文と疑問詞 > 疑問詞,疑問文と疑問詞 > 疑問詞,疑問文と疑問詞 > 疑問詞,疑問文と疑問詞 > 疑問詞",19_25_1.webp
本誌_高校リード_英文法B.pdf,文法,記述式,疑問文と疑問詞 > 選択疑問文,19_26_1.webp
本誌_高校リード_英文法B.pdf,"文法, 英文和訳?",記述式,疑問文と疑問詞 > 否定疑問文,19_27_1.webp
本誌_高校リード_英文法B.pdf,文法,記述式,疑問文と疑問詞 > 付加疑問文,19_28_1.webp
本誌_高校リード_英文法B.pdf,文法,記述式,文の種類と文構造 > 命令文,19_29_1.webp
本誌_高校リード_英文法B.pdf,文法,記述式,文の種類と文構造 > 感嘆文,19_30_1.webp
本誌_高校リード_英文法B.pdf,文法,記述式,"疑問文と疑問詞 > 付加疑問文,疑問文と疑問詞 > 疑問詞,疑問文と疑問詞 > 疑問詞,文の種類と文構造 > 命令文",19_31_1.webp
本誌_高校リード_英文法B.pdf,"文法, 言い換え?, 語句・単語?",記述式,"文の種類と文構造 > 感嘆文,文の種類と文構造 > 命令文,疑問文と疑問詞 > 疑問詞",19_32_1.webp
本誌_高校リード_英文法B.pdf,文法,記述式,"疑問文と疑問詞 > 付加疑問文,文の種類と文構造 > 命令文,疑問文と疑問詞 > 疑問詞",19_33_1.webp
本誌_高校リード_英文法B.pdf,"文法, 和文英訳?",記述式,"文の種類と文構造 > 感嘆文,文の種類と文構造 > 命令文,疑問文と疑問詞 > 付加疑問文,文の種類と文構造 > 命令文",19_34_1.webp
本誌_高校リード_英文法B.pdf,"文法, 語句・単語?",選択式,"文の種類と文構造 > 命令文,文の種類と文構造 > 感嘆文,疑問文と疑問詞 > 付加疑問文,疑問文と疑問詞 > 疑問詞,文の種類と文構造 > 五文型",19_35_1.webp
本誌_高校リード_英文法B.pdf,文法,選択式,"疑問文と疑問詞 > 疑問詞,疑問文と疑問詞 > 疑問詞,疑問文と疑問詞 > 疑問詞",19_36_1.webp
本誌_高校リード_英文法B.pdf,文法,選択式,"文の種類と文構造 > 五文型,文の種類と文構造 > 五文型,文の種類と文構造 > 五文型,文の種類と文構造 > 五文型,文の種類と文構造 > 五文型",19_37_1.webp
本誌_高校リード_英文法B.pdf,"文法, 言い換え?, 語句・単語?",記述式,"文の種類と文構造 > 五文型,文の種類と文構造 > 五文型,疑問文と疑問詞 > 疑問詞,文の種類と文構造 > 感嘆文,文の種類と文構造 > 五文型",19_38_1.webp
本誌_高校リード_英文法B.pdf,文法,記述式,"疑問文と疑問詞 > 疑問詞,文の種類と文構造 > 五文型,文の種類と文構造 > 五文型,文の種類と文構造 > 命令文",19_39_1.webp
本誌_高校リード_英文法B.pdf,"文法, 和文英訳?",記述式,"疑問文と疑問詞 > 疑問詞,文の種類と文構造 > 命令文,文の種類と文構造 > 命令文",19_40_1.webp
本誌_高校リード_英文法B.pdf,要点整理?,,"動詞と時制 > 現在形, 動詞と時制 > 時や条件の副詞節内での現在形",19_41_1.webp
本誌_高校リード_英文法B.pdf,要点整理?,,動詞と時制 > 過去形,19_42_1.webp
本誌_高校リード_英文法B.pdf,"文法, 語句・単語?",記述式,動詞と時制 > 現在形,19_43_1.webp
本誌_高校リード_英文法B.pdf,"文法, 語句・単語?",記述式,動詞と時制 > 過去形,19_44_1.webp
本誌_高校リード_英文法B.pdf,要点整理?,,"動詞と時制 > 未来を表す表現（will）, 動詞と時制 > 未来を表す表現（be going to）, 動詞と時制 > 現在進行形",19_45_1.webp
本誌_高校リード_英文法B.pdf,"文法, 語句・単語?",記述式,"動詞と時制 > 未来を表す表現（will）,動詞と時制 > 未来を表す表現（be going to）",19_46_1.webp
本誌_高校リード_英文法B.pdf,要点整理?,,"動詞と時制 > 現在進行形, 動詞と時制 > 過去進行形, 動詞と時制 > 未来進行形",19_47_1.webp
本誌_高校リード_英文法B.pdf,"文法, 語句・単語?",記述式,"動詞と時制 > 過去進行形,動詞と時制 > 未来を表す表現（will）",19_48_1.webp
本誌_高校リード_英文法B.pdf,"文法, 語句・単語?",選択式,動詞と時制 > 現在形,19_49_1.webp
本誌_高校リード_英文法B.pdf,文法,選択式,動詞と時制 > 現在形,19_50_1.webp
本誌_高校リード_英文法B.pdf,"文法, 語句・単語?",選択式,動詞と時制 > 過去形,19_51_1.webp
本誌_高校リード_英文法B.pdf,"文法, 語句・単語?",記述式,動詞と時制 > 過去形,19_52_1.webp
本誌_高校リード_英文法B.pdf,文法,記述式,動詞と時制 > 過去形,19_53_1.webp
本誌_高校リード_英文法B.pdf,"文法, 英文和訳?",記述式,"動詞と時制 > 未来を表す表現（will）,動詞と時制 > 未来を表す表現（be going to）",19_54_1.webp
本誌_高校リード_英文法B.pdf,"文法, 語句・単語?",選択式,"動詞と時制 > 未来を表す表現（will）,動詞と時制 > 未来を表す表現（be going to）",19_55_1.webp
本誌_高校リード_英文法B.pdf,文法,記述式,"動詞と時制 > 過去進行形,動詞と時制 > 未来を表す表現（will）,動詞と時制 > 現在進行形",19_56_1.webp
本誌_高校リード_英文法B.pdf,"文法, 語句・単語?",選択式,"動詞と時制 > 現在形,動詞と時制 > 未来を表す表現（will）,動詞と時制 > 未来を表す表現（be going to）,動詞と時制 > 過去形,動詞と時制 > 現在進行形",19_57_1.webp
本誌_高校リード_英文法B.pdf,文法,記述式,"動詞と時制 > 未来を表す表現（will）,動詞と時制 > 未来を表す表現（be going to）,動詞と時制 > 過去形,動詞と時制 > 現在形",19_58_1.webp
本誌_高校リード_英文法B.pdf,"文法, 和文英訳?",記述式,"動詞と時制 > 未来を表す表現（will）,動詞と時制 > 現在形",19_59_1.webp
本誌_高校リード_英文法B.pdf,要点整理?,,"動詞と時制 > 現在完了形, 動詞と時制 > 現在完了進行形",19_60_1.webp
本誌_高校リード_英文法B.pdf,文法,記述式,動詞と時制 > 現在完了形,19_61_1.webp
本誌_高校リード_英文法B.pdf,要点整理?,,"動詞と時制 > 過去完了形, 動詞と時制 > 過去完了進行形",19_62_1.webp
本誌_高校リード_英文法B.pdf,"文法, 語句・単語?",記述式,"動詞と時制 > 過去完了形,動詞と時制 > 過去完了進行形",19_63_1.webp
本誌_高校リード_英文法B.pdf,要点整理?,,"動詞と時制 > 未来完了形, 動詞と時制 > 未来完了進行形",19_64_1.webp
本誌_高校リード_英文法B.pdf,"文法, 語句・単語?",記述式,"動詞と時制 > 未来完了形,動詞と時制 > 未来完了進行形",19_65_1.webp
本誌_高校リード_英文法B.pdf,"文法, 語句・単語?",記述式,動詞と時制 > 現在完了形,19_66_1.webp
本誌_高校リード_英文法B.pdf,"文法, 語句・単語?",記述式,動詞と時制 > 現在完了形,19_67_1.webp
本誌_高校リード_英文法B.pdf,"文法, 語句・単語?",記述式,動詞と時制 > 過去完了形,19_68_1.webp
本誌_高校リード_英文法B.pdf,"文法, 英文和訳?",記述式,動詞と時制 > 未来完了形,19_69_1.webp
本誌_高校リード_英文法B.pdf,文法,記述式,動詞と時制 > 現在完了進行形,19_70_1.webp
本誌_高校リード_英文法B.pdf,"文法, 語句・単語?",記述式,動詞と時制 > 過去完了進行形,19_71_1.webp
本誌_高校リード_英文法B.pdf,"文法, 語句・単語?",記述式,動詞と時制 > 未来完了進行形,19_72_1.webp
本誌_高校リード_英文法B.pdf,"文法, 語句・単語?",選択式,"動詞と時制 > 現在完了形,動詞と時制 > 過去完了進行形,動詞と時制 > 未来完了進行形,動詞と時制 > 未来完了形",19_73_1.webp
本誌_高校リード_英文法B.pdf,文法,選択式,動詞と時制 > 現在完了形,19_74_1.webp
本誌_高校リード_英文法B.pdf,"文法, 言い換え?, 語句・単語?, 和文英訳?",記述式,"動詞と時制 > 現在完了形,動詞と時制 > 現在完了進行形,動詞と時制 > 過去完了形",19_75_1.webp
本誌_高校リード_英文法B.pdf,"文法, 語句・単語?",記述式,"動詞と時制 > 現在完了形,動詞と時制 > 現在完了進行形,動詞と時制 > 未来完了形,動詞と時制 > 過去完了形",19_76_1.webp
本誌_高校リード_英文法B.pdf,文法,記述式,"動詞と時制 > 現在完了形,動詞と時制 > 現在完了進行形,動詞と時制 > 過去完了進行形,動詞と時制 > 過去完了形",19_77_1.webp
本誌_高校リード_英文法B.pdf,"文法, 語句・単語?",選択式,"動詞と時制 > 現在完了形,動詞と時制 > 現在完了進行形,動詞と時制 > 過去完了形,動詞と時制 > 未来完了形",19_78_1.webp
本誌_高校リード_英文法B.pdf,"文法, 和文英訳?",記述式,"動詞と時制 > 現在完了形,動詞と時制 > 過去完了進行形",19_79_1.webp
本誌_高校リード_英文法B.pdf,要点整理?,,"動詞と時制 > 現在形, 動詞と時制 > 過去形, 動詞と時制 > 現在進行形, 動詞と時制 > 過去進行形, 動詞と時制 > 未来を表す表現（will）, 動詞と時制 > 未来を表す表現（be going to）, 動詞と時制 > 未来進行形, 動詞と時制 > 現在完了形, 動詞と時制 > 過去完了形, 動詞と時制 > 未来完了形, 動詞と時制 > 現在完了進行形, 動詞と時制 > 過去完了進行形, 動詞と時制 > 未来完了進行形",19_80_1.webp
本誌_高校リード_英文法B.pdf,要点整理?,,"動詞と時制 > 現在形, 動詞と時制 > 過去形, 動詞と時制 > 現在進行形, 動詞と時制 > 過去進行形, 動詞と時制 > 未来を表す表現（will）, 動詞と時制 > 未来を表す表現（be going to）, 動詞と時制 > 未来進行形, 動詞と時制 > 現在完了形, 動詞と時制 > 過去完了形, 動詞と時制 > 未来完了形, 動詞と時制 > 現在完了進行形, 動詞と時制 > 過去完了進行形, 動詞と時制 > 未来完了進行形",19_81_1.webp
本誌_高校リード_英文法B.pdf,要点整理?,,"動詞と時制 > 現在形, 動詞と時制 > 過去形, 動詞と時制 > 現在進行形, 動詞と時制 > 過去進行形, 動詞と時制 > 未来を表す表現（will）, 動詞と時制 > 未来を表す表現（be going to）, 動詞と時制 > 未来進行形, 動詞と時制 > 現在完了形, 動詞と時制 > 過去完了形, 動詞と時制 > 未来完了形, 動詞と時制 > 現在完了進行形, 動詞と時制 > 過去完了進行形, 動詞と時制 > 未来完了進行形",19_82_1.webp
本誌_高校リード_英文法B.pdf,"文法, 語句・単語?",記述式,"動詞と時制 > 現在形,動詞と時制 > 過去形,動詞と時制 > 過去完了形,動詞と時制 > 現在完了形",19_83_1.webp
本誌_高校リード_英文法B.pdf,"文法, 語句・単語?",選択式,"動詞と時制 > 現在形,動詞と時制 > 現在進行形,動詞と時制 > 現在完了形,動詞と時制 > 現在完了進行形",19_84_1.webp
本誌_高校リード_英文法B.pdf,"文法, 語句・単語?",記述式,"動詞と時制 > 過去形,動詞と時制 > 過去完了進行形,動詞と時制 > 過去完了形,動詞と時制 > 過去進行形",19_85_1.webp
本誌_高校リード_英文法B.pdf,文法,記述式,"動詞と時制 > 未来を表す表現（will）,動詞と時制 > 未来を表す表現（be going to）,動詞と時制 > 過去完了進行形,動詞と時制 > 未来完了形",19_86_1.webp
本誌_高校リード_英文法B.pdf,"文法, 英文和訳?",記述式,"動詞と時制 > 現在形,動詞と時制 > 現在進行形",19_87_1.webp
本誌_高校リード_英文法B.pdf,文法,記述式,"動詞と時制 > 現在形,動詞と時制 > 現在進行形",19_88_1.webp
本誌_高校リード_英文法B.pdf,"文法, 英文和訳?",記述式,"動詞と時制 > 現在形,動詞と時制 > 現在完了形,動詞と時制 > 現在完了進行形,動詞と時制 > 未来を表す表現（will）,動詞と時制 > 過去形",19_89_1.webp
本誌_高校リード_英文法B.pdf,"文法, 語句・単語?",選択式,"動詞と時制 > 現在形,動詞と時制 > 現在完了形,動詞と時制 > 過去完了形,動詞と時制 > 未来完了形,動詞と時制 > 過去形",19_90_1.webp
本誌_高校リード_英文法B.pdf,"文法, 語句・単語?",記述式,"動詞と時制 > 過去完了形,動詞と時制 > 未来完了形,動詞と時制 > 過去完了進行形",19_91_1.webp
本誌_高校リード_英文法B.pdf,"文法, 言い換え?",記述式,"動詞と時制 > 現在完了形,動詞と時制 > 未来完了形,動詞と時制 > 未来を表す表現（will）",19_92_1.webp
本誌_高校リード_英文法B.pdf,文法,記述式,"動詞と時制 > 未来を表す表現（will）,動詞と時制 > 未来完了形,動詞と時制 > 現在完了形,動詞と時制 > 現在進行形",19_93_1.webp
本誌_高校リード_英文法B.pdf,文法,記述式,"動詞と時制 > 現在形,動詞と時制 > 未来を表す表現（will）,動詞と時制 > 過去完了形",19_94_1.webp
本誌_高校リード_英文法B.pdf,"文法, 和文英訳?",記述式,"動詞と時制 > 過去完了進行形,動詞と時制 > 過去完了形,動詞と時制 > 現在形,動詞と時制 > 未来を表す表現（will）",19_95_1.webp
本誌_高校リード_英文法B.pdf,要点整理?,,助動詞 > 助動詞,19_96_1.webp
本誌_高校リード_英文法B.pdf,要点整理?,,助動詞 > 助動詞,19_97_1.webp
本誌_高校リード_英文法B.pdf,要点整理?,,助動詞 > 助動詞,19_98_1.webp
本誌_高校リード_英文法B.pdf,要点整理?,,助動詞 > 助動詞,19_99_1.webp
本誌_高校リード_英文法B.pdf,"文法, 語句・単語?",記述式,"助動詞 > 助動詞,助動詞 > 助動詞,助動詞 > 助動詞,助動詞 > 助動詞",19_100_1.webp
本誌_高校リード_英文法B.pdf,要点整理?,,動詞と時制 > 助動詞＋完了形,19_101_1.webp
本誌_高校リード_英文法B.pdf,"文法, 英文和訳?",記述式,"動詞と時制 > 助動詞＋完了形,助動詞 > 助動詞,助動詞 > 助動詞,助動詞 > 助動詞,受け身 > 助動詞＋受け身",19_102_1.webp
本誌_高校リード_英文法B.pdf,要点整理?,,助動詞 > 助動詞,19_103_1.webp
本誌_高校リード_英文法B.pdf,"文法, 語句・単語?",記述式,"動詞と時制 > 助動詞＋完了形,助動詞 > 助動詞,助動詞 > 助動詞,助動詞 > 助動詞",19_104_1.webp
本誌_高校リード_英文法B.pdf,"文法, 英文和訳?",記述式,"助動詞 > 助動詞,助動詞 > 助動詞,助動詞 > 助動詞,助動詞 > 助動詞",19_105_1.webp
本誌_高校リード_英文法B.pdf,"文法, 語句・単語?",選択式,"助動詞 > 助動詞,助動詞 > 助動詞,助動詞 > 助動詞,助動詞 > 助動詞",19_106_1.webp
本誌_高校リード_英文法B.pdf,文法,記述式,"助動詞 > 助動詞,助動詞 > 助動詞,助動詞 > 助動詞",19_107_1.webp
本誌_高校リード_英文法B.pdf,文法,記述式,"助動詞 > 助動詞,助動詞 > 助動詞",19_108_1.webp
本誌_高校リード_英文法B.pdf,文法,記述式,"助動詞 > 助動詞,助動詞 > 助動詞,助動詞 > 助動詞,助動詞 > 助動詞,助動詞 > 助動詞",19_109_1.webp
本誌_高校リード_英文法B.pdf,"文法, 英文和訳?",記述式,"助動詞 > 助動詞,助動詞 > 助動詞,助動詞 > 助動詞,動詞と時制 > 助動詞＋完了形,助動詞 > 助動詞",19_110_1.webp
本誌_高校リード_英文法B.pdf,"文法, 語句・単語?",記述式,助動詞 > 助動詞,19_111_1.webp
本誌_高校リード_英文法B.pdf,"文法, 語句・単語?",記述式,"助動詞 > 助動詞,助動詞 > 助動詞,助動詞 > 助動詞",19_112_1.webp
本誌_高校リード_英文法B.pdf,"文法, 語句・単語?",選択式,"助動詞 > 助動詞,助動詞 > 助動詞,助動詞 > 助動詞,助動詞 > 助動詞,動詞と時制 > 助動詞＋完了形",19_113_1.webp
本誌_高校リード_英文法B.pdf,"文法, 語句・単語?",選択式,"助動詞 > 助動詞,助動詞 > 助動詞,助動詞 > 助動詞",19_114_1.webp
本誌_高校リード_英文法B.pdf,文法,記述式,"助動詞 > 助動詞,助動詞 > 助動詞,助動詞 > 助動詞,助動詞 > 助動詞",19_115_1.webp
本誌_高校リード_英文法B.pdf,"文法, 英文和訳?",記述式,"助動詞 > 助動詞,動詞と時制 > 助動詞＋完了形",19_116_1.webp
本誌_高校リード_英文法B.pdf,"文法, 和文英訳?",記述式,"助動詞 > 助動詞,助動詞 > 助動詞,助動詞 > 助動詞,動詞と時制 > 助動詞＋完了形",19_117_1.webp
本誌_高校リード_英文法B.pdf,要点整理?,,受け身 > 受け身の用法,19_118_1.webp
本誌_高校リード_英文法B.pdf,"文法, 語句・単語?",記述式,"受け身 > 受け身の用法,受け身 > 受け身の用法",19_119_1.webp
本誌_高校リード_英文法B.pdf,要点整理?,,"受け身 > 受け身の用法, 受け身 > SVOOのOを主語にした受け身, 受け身 > SVOCのOを主語にした受け身",19_120_1.webp
本誌_高校リード_英文法B.pdf,"文法, 語句・単語?",記述式,"受け身 > SVOCのOを主語にした受け身,受け身 > SVOOのOを主語にした受け身",19_121_1.webp
本誌_高校リード_英文法B.pdf,要点整理?,,受け身 > by以外の前置詞を用いる受け身,19_122_1.webp
本誌_高校リード_英文法B.pdf,"文法, 語句・単語?",選択式,受け身 > by以外の前置詞を用いる受け身,19_123_1.webp
本誌_高校リード_英文法B.pdf,要点整理?,,"受け身 > by以外の前置詞を用いる受け身, 受け身 > 受け身の用法",19_124_1.webp
本誌_高校リード_英文法B.pdf,文法,選択式,受け身 > by以外の前置詞を用いる受け身,19_125_1.webp
本誌_高校リード_英文法B.pdf,文法,記述式,受け身 > by以外の前置詞を用いる受け身,19_126_1.webp
本誌_高校リード_英文法B.pdf,"文法, 語句・単語?",記述式,受け身 > 受け身の用法,19_127_1.webp
本誌_高校リード_英文法B.pdf,"文法, 語句・単語?",記述式,受け身 > 助動詞＋受け身,19_128_1.webp
本誌_高校リード_英文法B.pdf,"文法, 語句・単語?",記述式,受け身 > 受け身の用法,19_129_1.webp
本誌_高校リード_英文法B.pdf,文法,記述式,"受け身 > SVOCのOを主語にした受け身,受け身 > SVOOのOを主語にした受け身",19_130_1.webp
本誌_高校リード_英文法B.pdf,"文法, 語句・単語?",記述式,受け身 > by以外の前置詞を用いる受け身,19_131_1.webp
本誌_高校リード_英文法B.pdf,"文法, 語句・単語?",記述式,受け身 > by以外の前置詞を用いる受け身,19_132_1.webp
本誌_高校リード_英文法B.pdf,"文法, 語句・単語?",記述式,受け身 > by以外の前置詞を用いる受け身,19_133_1.webp
本誌_高校リード_英文法B.pdf,"文法, 英文和訳?",記述式,受け身 > 受け身の用法,19_134_1.webp
本誌_高校リード_英文法B.pdf,"文法, 語句・単語?",選択式,"受け身 > 受け身の用法,受け身 > 助動詞＋受け身,受け身 > by以外の前置詞を用いる受け身,受け身 > 受け身の用法",19_135_1.webp
本誌_高校リード_英文法B.pdf,"文法, 言い換え?, 語句・単語?, 段落整序?",記述式,"受け身 > 受け身の用法,受け身 > 助動詞＋受け身,受け身 > by以外の前置詞を用いる受け身,受け身 > 受け身の用法",19_136_1.webp
本誌_高校リード_英文法B.pdf,文法,記述式,"受け身 > 受け身の用法,受け身 > 助動詞＋受け身,受け身 > by以外の前置詞を用いる受け身,受け身 > 受け身の用法",19_137_1.webp
本誌_高校リード_英文法B.pdf,文法,記述式,"受け身 > 受け身の用法,受け身 > 助動詞＋受け身,受け身 > by以外の前置詞を用いる受け身,受け身 > 受け身の用法",19_138_1.webp
本誌_高校リード_英文法B.pdf,"文法, 和文英訳?",記述式,"受け身 > 受け身の用法,受け身 > by以外の前置詞を用いる受け身",19_139_1.webp
本誌_高校リード_英文法B.pdf,"文法, 語句・単語?",選択式,"動詞と時制 > 過去完了形,受け身 > by以外の前置詞を用いる受け身,動詞と時制 > 過去形",19_140_1.webp
本誌_高校リード_英文法B.pdf,"文法, 語句・単語?",選択式,"動詞と時制 > 現在完了形,受け身 > 受け身の用法,動詞と時制 > 過去進行形,受け身 > 助動詞＋受け身,助動詞 > 助動詞",19_141_1.webp
本誌_高校リード_英文法B.pdf,"文法, 語句・単語?, 言い換え?",記述式,"助動詞 > 助動詞,助動詞 > 助動詞,助動詞 > 助動詞,助動詞 > 助動詞",19_142_1.webp
本誌_高校リード_英文法B.pdf,"文法, 語句・単語?",記述式,"受け身 > 助動詞＋受け身,動詞と時制 > 現在完了形,受け身 > 受け身の用法",19_143_1.webp
本誌_高校リード_英文法B.pdf,文法,記述式,"動詞と時制 > 未来完了形,受け身 > 受け身の用法,受け身 > 助動詞＋受け身",19_144_1.webp
本誌_高校リード_英文法B.pdf,"文法, 和文英訳?",記述式,"動詞と時制 > 未来完了形,受け身 > 助動詞＋受け身",19_145_1.webp
本誌_高校リード_英文法B.pdf,要点整理?,,不定詞 > 名詞的用法,19_146_1.webp
本誌_高校リード_英文法B.pdf,"文法, 英文和訳?",記述式,"受け身 > 助動詞＋受け身,助動詞 > 助動詞",19_147_1.webp
本誌_高校リード_英文法B.pdf,要点整理?,,不定詞 > 形容詞的用法,19_148_1.webp
本誌_高校リード_英文法B.pdf,"文法, 英文和訳?",記述式,不定詞 > 形容詞的用法,19_149_1.webp
本誌_高校リード_英文法B.pdf,要点整理?,,不定詞 > 副詞的用法,19_150_1.webp
本誌_高校リード_英文法B.pdf,"文法, 英文和訳?",記述式,不定詞 > 副詞的用法,19_151_1.webp
本誌_高校リード_英文法B.pdf,要点整理?,,"不定詞 > 不定詞の意味上の主語, 不定詞 > 代不定詞",19_152_1.webp
本誌_高校リード_英文法B.pdf,"文法, 語句・単語?, 言い換え?",記述式,不定詞 > 不定詞の意味上の主語,19_153_1.webp
本誌_高校リード_英文法B.pdf,"文法, 語句・単語?, 和文英訳?",記述式,不定詞 > 不定詞の否定形,19_154_1.webp
本誌_高校リード_英文法B.pdf,"文法, 語句・単語?",記述式,不定詞 > 代不定詞,19_155_1.webp
本誌_高校リード_英文法B.pdf,要点整理?,,不定詞 > 疑問詞＋to do,19_156_1.webp
本誌_高校リード_英文法B.pdf,"文法, 語句・単語?",記述式,不定詞 > 疑問詞＋to do,19_157_1.webp
本誌_高校リード_英文法B.pdf,要点整理?,,"不定詞 > 不定詞の慣用表現, 不定詞 > be to doの表現",19_158_1.webp
本誌_高校リード_英文法B.pdf,"文法, 英文和訳?",記述式,不定詞 > 不定詞の慣用表現,19_159_1.webp
本誌_高校リード_英文法B.pdf,要点整理?,,"不定詞 > 完了形の不定詞, 不定詞 > 進行形の不定詞, 不定詞 > 受け身の不定詞",19_160_1.webp
本誌_高校リード_英文法B.pdf,"文法, 語句・単語?",記述式,不定詞 > 完了形の不定詞,19_161_1.webp
本誌_高校リード_英文法B.pdf,要点整理?,,"不定詞 > 原形不定詞, 不定詞 > 使役動詞＋O＋動詞の原形, 不定詞 > 知覚動詞＋O＋動詞の原形",19_162_1.webp
本誌_高校リード_英文法B.pdf,文法,記述式,不定詞 > 原形不定詞,19_163_1.webp
本誌_高校リード_英文法B.pdf,"文法, 語句・単語?",選択式,"不定詞 > 名詞的用法,不定詞 > 形容詞的用法,不定詞 > 副詞的用法",19_164_1.webp
本誌_高校リード_英文法B.pdf,"文法, 語句・単語?",選択式,不定詞 > 名詞的用法,19_165_1.webp
本誌_高校リード_英文法B.pdf,文法,記述式,不定詞 > 形容詞的用法,19_166_1.webp
本誌_高校リード_英文法B.pdf,文法,記述式,不定詞 > 副詞的用法,19_167_1.webp
本誌_高校リード_英文法B.pdf,文法,記述式,不定詞 > 独立不定詞,19_168_1.webp
本誌_高校リード_英文法B.pdf,"文法, 語句・単語?",記述式,不定詞 > 不定詞の意味上の主語,19_169_1.webp
本誌_高校リード_英文法B.pdf,"文法, 語句・単語?",記述式,"不定詞 > 代不定詞,不定詞 > 不定詞の否定形,不定詞 > 疑問詞＋to do",19_170_1.webp
本誌_高校リード_英文法B.pdf,"文法, 語句・単語?, 英文和訳?",選択式,不定詞 > 不定詞の慣用表現,19_171_1.webp
本誌_高校リード_英文法B.pdf,"文法, 英文和訳?",記述式,不定詞 > 完了形の不定詞,19_172_1.webp
本誌_高校リード_英文法B.pdf,"文法, 語句・単語?",記述式,"不定詞 > 完了形の不定詞,不定詞 > 進行形の不定詞,不定詞 > 受け身の不定詞",19_173_1.webp
本誌_高校リード_英文法B.pdf,"文法, 語句・単語?",選択式,不定詞 > 原形不定詞,19_174_1.webp
本誌_高校リード_英文法B.pdf,"文法, 英文和訳?",記述式,不定詞 > 不定詞の慣用表現,19_175_1.webp
本誌_高校リード_英文法B.pdf,"文法, 語句・単語?",選択式,"不定詞 > 名詞的用法,不定詞 > 疑問詞＋to do,不定詞 > 副詞的用法,不定詞 > 原形不定詞",19_176_1.webp
本誌_高校リード_英文法B.pdf,"文法, 言い換え?, 語句・単語?, 段落整序?",記述式,"不定詞 > 副詞的用法,不定詞 > 名詞的用法,不定詞 > 形容詞的用法,不定詞 > 原形不定詞",19_177_1.webp
本誌_高校リード_英文法B.pdf,文法,記述式,"不定詞 > 名詞的用法,不定詞 > 副詞的用法,不定詞 > 形容詞的用法,不定詞 > 形式主語itを用いた不定詞",19_178_1.webp
本誌_高校リード_英文法B.pdf,"文法, 和文英訳?",記述式,"不定詞 > 疑問詞＋to do,不定詞 > 副詞的用法,不定詞 > 名詞的用法",19_179_1.webp
本誌_高校リード_英文法B.pdf,要点整理?,,"動名詞 > 動名詞の用法, 動名詞 > 動名詞の意味上の主語",19_180_1.webp
本誌_高校リード_英文法B.pdf,"文法, 語句・単語?",記述式,動名詞 > 動名詞の用法,19_181_1.webp
本誌_高校リード_英文法B.pdf,要点整理?,,"動名詞 > 受け身の動名詞, 動名詞 > 完了形の動名詞",19_182_1.webp
本誌_高校リード_英文法B.pdf,"文法, 語句・単語?",選択式,"動名詞 > 動名詞の用法,動名詞 > 完了形の動名詞,動名詞 > 受け身の動名詞",19_183_1.webp
本誌_高校リード_英文法B.pdf,要点整理?,,動名詞 > 動詞の目的語が動名詞か不定詞か,19_184_1.webp
本誌_高校リード_英文法B.pdf,要点整理?,,動名詞 > 動名詞の慣用表現,19_185_1.webp
本誌_高校リード_英文法B.pdf,"文法, 言い換え?, 語句・単語?",記述式,動名詞 > 動名詞の用法,19_186_1.webp
本誌_高校リード_英文法B.pdf,"文法, 語句・単語?",記述式,"動名詞 > 動名詞の用法,動名詞 > 完了形の動名詞,動名詞 > 受け身の動名詞",19_187_1.webp
本誌_高校リード_英文法B.pdf,"文法, 語句・単語?",選択式,動名詞 > 動詞の目的語が動名詞か不定詞か,19_188_1.webp
本誌_高校リード_英文法B.pdf,"文法, 英文和訳?, 和文英訳?",記述式,動名詞 > 動名詞の用法,19_189_1.webp
本誌_高校リード_英文法B.pdf,"文法, 語句・単語?",記述式,動名詞 > 動詞の目的語が動名詞か不定詞か,19_190_1.webp
本誌_高校リード_英文法B.pdf,"文法, 言い換え?, 語句・単語?",記述式,動名詞 > 動名詞の慣用表現,19_191_1.webp
本誌_高校リード_英文法B.pdf,"文法, 英文和訳?",記述式,動名詞 > 動名詞の慣用表現,19_192_1.webp
本誌_高校リード_英文法B.pdf,"文法, 語句・単語?",選択式,"動名詞 > 動名詞の用法,動名詞 > 受け身の動名詞,動名詞 > 動詞の目的語が動名詞か不定詞か",19_193_1.webp
本誌_高校リード_英文法B.pdf,"文法, 言い換え?, 語句・単語?, 和文英訳?",選択式,"動名詞 > 動名詞の用法,動名詞 > 受け身の動名詞",19_194_1.webp
本誌_高校リード_英文法B.pdf,文法,記述式,"動名詞 > 動名詞の用法,動名詞 > 動名詞の用法,動名詞 > 動名詞の慣用表現",19_195_1.webp
本誌_高校リード_英文法B.pdf,"文法, 和文英訳?",記述式,"動名詞 > 動名詞の用法,動名詞 > 動名詞の慣用表現",19_196_1.webp
本誌_高校リード_英文法B.pdf,要点整理?,,"分詞 > 現在分詞・過去分詞の前置修飾, 分詞 > 現在分詞・過去分詞の後置修飾",19_197_1.webp
本誌_高校リード_英文法B.pdf,要点整理?,,"分詞 > 現在分詞・過去分詞の前置修飾, 分詞 > 現在分詞・過去分詞の後置修飾",19_198_1.webp
本誌_高校リード_英文法B.pdf,"文法, 英文和訳?",記述式,"分詞 > 現在分詞・過去分詞の前置修飾,分詞 > 現在分詞・過去分詞の後置修飾",19_199_1.webp
本誌_高校リード_英文法B.pdf,要点整理?,,"分詞 > SVO＋分詞, 分詞 > 使役動詞＋O＋分詞, 分詞 > 知覚動詞＋O＋分詞",19_200_1.webp
本誌_高校リード_英文法B.pdf,"文法, 語句・単語?",記述式,分詞 > SVO＋分詞,19_201_1.webp
本誌_高校リード_英文法B.pdf,要点整理?,,分詞 > 分詞を含む重要表現,19_202_1.webp
本誌_高校リード_英文法B.pdf,"文法, 語句・単語?",記述式,分詞 > SVO＋分詞,19_203_1.webp
本誌_高校リード_英文法B.pdf,"文法, 語句・単語?",記述式,"分詞 > 現在分詞・過去分詞の前置修飾,分詞 > 現在分詞・過去分詞の後置修飾",19_204_1.webp
本誌_高校リード_英文法B.pdf,"文法, 語句・単語?",記述式,"分詞 > 現在分詞・過去分詞の前置修飾,分詞 > 現在分詞・過去分詞の後置修飾",19_205_1.webp
本誌_高校リード_英文法B.pdf,"文法, 語句・単語?",記述式,"分詞 > 現在分詞・過去分詞の前置修飾,分詞 > 現在分詞・過去分詞の後置修飾",19_206_1.webp
本誌_高校リード_英文法B.pdf,"文法, 語句・単語?",記述式,"分詞 > 知覚動詞＋O＋分詞,分詞 > 使役動詞＋O＋分詞",19_207_1.webp
本誌_高校リード_英文法B.pdf,文法,記述式,分詞 > SVO＋分詞,19_208_1.webp
本誌_高校リード_英文法B.pdf,"文法, 語句・単語?",選択式,分詞 > 分詞を含む重要表現,19_209_1.webp
本誌_高校リード_英文法B.pdf,"文法, 語句・単語?",記述式,分詞 > 分詞を含む重要表現,19_210_1.webp
本誌_高校リード_英文法B.pdf,"文法, 語句・単語?",選択式,"分詞 > 現在分詞・過去分詞の前置修飾,分詞 > 現在分詞・過去分詞の後置修飾,分詞 > 知覚動詞＋O＋分詞,分詞 > 使役動詞＋O＋分詞",19_211_1.webp
本誌_高校リード_英文法B.pdf,"文法, 語句・単語?",記述式,"分詞 > 現在分詞・過去分詞の前置修飾,分詞 > 現在分詞・過去分詞の後置修飾",19_212_1.webp
本誌_高校リード_英文法B.pdf,"文法, 語句・単語?",記述式,"分詞 > 現在分詞・過去分詞の前置修飾,分詞 > 現在分詞・過去分詞の後置修飾",19_213_1.webp
本誌_高校リード_英文法B.pdf,文法,記述式,"分詞 > 使役動詞＋O＋分詞,分詞 > 現在分詞・過去分詞の後置修飾,分詞 > 現在分詞・過去分詞の前置修飾",19_214_1.webp
本誌_高校リード_英文法B.pdf,文法,記述式,"分詞 > 現在分詞・過去分詞の前置修飾,分詞 > 現在分詞・過去分詞の後置修飾,分詞 > 使役動詞＋O＋分詞",19_215_1.webp
本誌_高校リード_英文法B.pdf,"文法, 和文英訳?",記述式,"分詞 > 現在分詞・過去分詞の前置修飾,分詞 > 現在分詞・過去分詞の後置修飾,分詞 > 使役動詞＋O＋分詞",19_216_1.webp
本誌_高校リード_英文法B.pdf,要点整理?,,"分詞 > 分詞構文の形, 分詞 > 付帯状況",19_217_1.webp
本誌_高校リード_英文法B.pdf,"文法, 言い換え?, 語句・単語?",記述式,分詞 > 分詞構文の形,19_218_1.webp
本誌_高校リード_英文法B.pdf,要点整理?,,"分詞 > 受け身の分詞構文, 分詞 > 完了形の分詞構文, 分詞 > 否定の分詞構文",19_219_1.webp
本誌_高校リード_英文法B.pdf,"文法, 言い換え?, 語句・単語?",記述式,"分詞 > 受け身の分詞構文,分詞 > 否定の分詞構文,分詞 > 完了形の分詞構文",19_220_1.webp
本誌_高校リード_英文法B.pdf,要点整理?,,分詞 > 独立分詞構文,19_221_1.webp
本誌_高校リード_英文法B.pdf,文法,記述式,分詞 > 独立分詞構文,19_222_1.webp
本誌_高校リード_英文法B.pdf,要点整理?,,分詞 > 独立分詞構文,19_223_1.webp
本誌_高校リード_英文法B.pdf,"文法, 英文和訳?",記述式,分詞 > 分詞構文の形,19_224_1.webp
本誌_高校リード_英文法B.pdf,文法,記述式,分詞 > 分詞構文の形,19_225_1.webp
本誌_高校リード_英文法B.pdf,文法,記述式,"分詞 > 受け身の分詞構文,分詞 > 否定の分詞構文,分詞 > 完了形の分詞構文",19_226_1.webp
本誌_高校リード_英文法B.pdf,文法,記述式,"分詞 > 受け身の分詞構文,分詞 > 否定の分詞構文,分詞 > 完了形の分詞構文",19_227_1.webp
本誌_高校リード_英文法B.pdf,文法,記述式,分詞 > 独立分詞構文,19_228_1.webp
本誌_高校リード_英文法B.pdf,"文法, 言い換え?",記述式,分詞 > 独立分詞構文,19_229_1.webp
本誌_高校リード_英文法B.pdf,"文法, 英文和訳?",記述式,分詞 > 独立分詞構文,19_230_1.webp
本誌_高校リード_英文法B.pdf,文法,記述式,分詞 > 独立分詞構文,19_231_1.webp
本誌_高校リード_英文法B.pdf,"文法, 英文和訳?",記述式,"分詞 > 分詞構文の形,分詞 > 独立分詞構文",19_232_1.webp
本誌_高校リード_英文法B.pdf,"文法, 語句・単語?, 英文和訳?",選択式,"分詞 > 分詞構文の形,分詞 > 分詞を含む重要表現,分詞 > 完了形の分詞構文,分詞 > 否定の分詞構文",19_233_1.webp
本誌_高校リード_英文法B.pdf,"文法, 語句・単語?",記述式,"分詞 > 分詞構文の形,分詞 > 独立分詞構文,分詞 > 分詞を含む重要表現",19_234_1.webp
本誌_高校リード_英文法B.pdf,"文法, 言い換え?, 語句・単語?",記述式,"分詞 > 否定の分詞構文,分詞 > 独立分詞構文",19_235_1.webp
本誌_高校リード_英文法B.pdf,文法,記述式,"分詞 > 分詞構文の形,分詞 > 完了形の分詞構文,分詞 > 付帯状況",19_236_1.webp
本誌_高校リード_英文法B.pdf,"文法, 英文和訳?",記述式,"分詞 > 付帯状況,分詞 > 分詞構文の形",19_237_1.webp
本誌_高校リード_英文法B.pdf,"文法, 語句・単語?",選択式,"動名詞 > 動名詞の用法,不定詞 > 副詞的用法,不定詞 > 名詞的用法,分詞 > 分詞構文の形,分詞 > SVO＋分詞",19_238_1.webp
本誌_高校リード_英文法B.pdf,"文法, 語句・単語?",記述式,"分詞 > 否定の分詞構文,分詞 > 使役動詞＋O＋分詞,不定詞 > 名詞的用法",19_239_1.webp
本誌_高校リード_英文法B.pdf,"文法, 言い換え?, 語句・単語?",記述式,不定詞 > 不定詞の慣用表現,19_240_1.webp
本誌_高校リード_英文法B.pdf,文法,記述式,"動名詞 > 動名詞の用法,不定詞 > 名詞的用法,不定詞 > 不定詞の慣用表現,助動詞 > 助動詞,不定詞 > 形容詞的用法",19_241_1.webp
本誌_高校リード_英文法B.pdf,"文法, 語句・単語?",記述式,"不定詞 > 不定詞の否定形,動名詞 > 動名詞の用法",19_242_1.webp
本誌_高校リード_英文法B.pdf,"文法, 和文英訳?",記述式,"動名詞 > 動名詞の用法,不定詞 > 副詞的用法",19_243_1.webp
本誌_高校リード_英文法B.pdf,要点整理?,,関係代名詞 > 関係代名詞,19_244_1.webp
本誌_高校リード_英文法B.pdf,"文法, 語句・単語?",記述式,"関係代名詞 > 関係代名詞,関係代名詞 > 関係代名詞",19_245_1.webp
本誌_高校リード_英文法B.pdf,要点整理?,,関係代名詞 > 関係代名詞が前置詞の目的語,19_246_1.webp
本誌_高校リード_英文法B.pdf,"文法, 言い換え?, 語句・単語?",記述式,関係代名詞 > 関係代名詞が前置詞の目的語,19_247_1.webp
本誌_高校リード_英文法B.pdf,要点整理?,,関係代名詞 > 関係代名詞の省略（接触節）,19_248_1.webp
本誌_高校リード_英文法B.pdf,"文法, 語句・単語?",選択式,関係代名詞 > 関係代名詞の省略（接触節）,19_249_1.webp
本誌_高校リード_英文法B.pdf,要点整理?,,関係代名詞 > 関係代名詞の非制限用法,19_250_1.webp
本誌_高校リード_英文法B.pdf,"文法, 英文和訳?",記述式,"関係代名詞 > 関係代名詞,関係代名詞 > 関係代名詞の非制限用法,関係代名詞 > 関係代名詞,関係代名詞 > 関係代名詞の非制限用法",19_251_1.webp
本誌_高校リード_英文法B.pdf,要点整理?,,"関係代名詞 > 関係代名詞, 関係代名詞 > whatを含む重要表現",19_252_1.webp
本誌_高校リード_英文法B.pdf,"文法, 語句・単語?",選択式,"関係代名詞 > whatを含む重要表現,関係代名詞 > 関係代名詞",19_253_1.webp
本誌_高校リード_英文法B.pdf,"文法, 語句・単語?",記述式,"関係代名詞 > 関係代名詞,関係代名詞 > 関係代名詞",19_254_1.webp
本誌_高校リード_英文法B.pdf,"文法, 言い換え?, 語句・単語?",記述式,"関係代名詞 > 関係代名詞,関係代名詞 > 関係代名詞",19_255_1.webp
本誌_高校リード_英文法B.pdf,"文法, 語句・単語?",記述式,関係代名詞 > 関係代名詞が前置詞の目的語,19_256_1.webp
本誌_高校リード_英文法B.pdf,文法,選択式,関係代名詞 > 関係代名詞が前置詞の目的語,19_257_1.webp
本誌_高校リード_英文法B.pdf,"文法, 語句・単語?",記述式,関係代名詞 > 関係代名詞の省略（接触節）,19_258_1.webp
本誌_高校リード_英文法B.pdf,"文法, 英文和訳?",記述式,"関係代名詞 > 関係代名詞の非制限用法,関係代名詞 > 関係代名詞の非制限用法",19_259_1.webp
本誌_高校リード_英文法B.pdf,"文法, 語句・単語?",記述式,"関係代名詞 > whatを含む重要表現,関係代名詞 > 関係代名詞の非制限用法,関係代名詞 > 関係代名詞の非制限用法",19_260_1.webp
本誌_高校リード_英文法B.pdf,"文法, 語句・単語?",記述式,"関係代名詞 > whatを含む重要表現,関係代名詞 > 関係代名詞",19_261_1.webp
本誌_高校リード_英文法B.pdf,"文法, 語句・単語?",選択式,"関係代名詞 > 関係代名詞,関係代名詞 > 関係代名詞,疑問文と疑問詞 > 疑問詞,関係代名詞 > 関係代名詞の非制限用法,関係代名詞 > 関係代名詞",19_262_1.webp
本誌_高校リード_英文法B.pdf,"文法, 語句・単語?",記述式,"関係代名詞 > 関係代名詞,疑問文と疑問詞 > 疑問詞",19_263_1.webp
本誌_高校リード_英文法B.pdf,"文法, 語句・単語?",記述式,"関係代名詞 > 関係代名詞の省略（接触節）,疑問文と疑問詞 > 疑問詞",19_264_1.webp
本誌_高校リード_英文法B.pdf,文法,記述式,"関係代名詞 > 関係代名詞が前置詞の目的語,関係代名詞 > 関係代名詞,関係代名詞 > 関係代名詞の省略（接触節）",19_265_1.webp
本誌_高校リード_英文法B.pdf,文法,記述式,"関係代名詞 > 関係代名詞,関係代名詞 > 関係代名詞の省略（接触節）",19_266_1.webp
本誌_高校リード_英文法B.pdf,"文法, 和文英訳?",記述式,"関係代名詞 > 関係代名詞,疑問文と疑問詞 > 疑問詞",19_267_1.webp
本誌_高校リード_英文法B.pdf,要点整理?,,"関係副詞 > 関係副詞, 関係副詞 > 関係副詞の非制限用法",19_268_1.webp
本誌_高校リード_英文法B.pdf,"文法, 語句・単語?",記述式,"関係副詞 > 関係副詞,疑問文と疑問詞 > 疑問詞,疑問文と疑問詞 > 疑問詞,関係副詞 > 関係副詞",19_269_1.webp
本誌_高校リード_英文法B.pdf,要点整理?,,関係代名詞 > 複合関係代名詞,19_270_1.webp
本誌_高校リード_英文法B.pdf,"文法, 語句・単語?",記述式,"関係副詞 > 複合関係副詞,関係代名詞 > 複合関係代名詞",19_271_1.webp
本誌_高校リード_英文法B.pdf,"文法, 英文和訳?",記述式,"関係副詞 > 関係副詞,関係副詞 > 関係副詞,疑問文と疑問詞 > 疑問詞,疑問文と疑問詞 > 疑問詞",19_272_1.webp
本誌_高校リード_英文法B.pdf,"文法, 語句・単語?",記述式,"関係副詞 > 関係副詞,関係副詞 > 関係副詞,疑問文と疑問詞 > 疑問詞,疑問文と疑問詞 > 疑問詞",19_273_1.webp
本誌_高校リード_英文法B.pdf,文法,記述式,"関係副詞 > 関係副詞の非制限用法,関係副詞 > 関係副詞の非制限用法,疑問文と疑問詞 > 疑問詞",19_274_1.webp
本誌_高校リード_英文法B.pdf,"文法, 英文和訳?",記述式,"疑問文と疑問詞 > 疑問詞,疑問文と疑問詞 > 疑問詞,関係副詞 > 関係副詞の非制限用法,関係副詞 > 関係副詞の非制限用法",19_275_1.webp
本誌_高校リード_英文法B.pdf,"文法, 言い換え?, 語句・単語?",記述式,"関係代名詞 > 複合関係代名詞,関係副詞 > 複合関係副詞",19_276_1.webp
本誌_高校リード_英文法B.pdf,"文法, 言い換え?",記述式,"関係代名詞 > 複合関係代名詞,関係副詞 > 複合関係副詞",19_277_1.webp
本誌_高校リード_英文法B.pdf,"文法, 語句・単語?",記述式,"関係代名詞 > 複合関係代名詞,関係副詞 > 複合関係副詞",19_278_1.webp
本誌_高校リード_英文法B.pdf,"文法, 英文和訳?",記述式,"関係代名詞 > 複合関係代名詞,関係副詞 > 複合関係副詞",19_279_1.webp
本誌_高校リード_英文法B.pdf,"文法, 語句・単語?",選択式,"関係副詞 > 関係副詞,関係副詞 > the wayの表現,関係代名詞 > 複合関係代名詞,関係副詞 > 複合関係副詞",19_280_1.webp
本誌_高校リード_英文法B.pdf,文法,記述式,"関係副詞 > 複合関係副詞,関係副詞 > 関係副詞,疑問文と疑問詞 > 疑問詞",19_281_1.webp
本誌_高校リード_英文法B.pdf,文法,記述式,"関係副詞 > 関係副詞的な働きのthat,関係副詞 > 複合関係副詞,関係副詞 > 関係副詞,関係代名詞 > 複合関係代名詞",19_282_1.webp
本誌_高校リード_英文法B.pdf,"文法, 和文英訳?",記述式,"関係副詞 > 関係副詞,関係副詞 > 関係副詞,関係代名詞 > 複合関係代名詞",19_283_1.webp
本誌_高校リード_英文法B.pdf,要点整理?,,接続詞 > 接続詞,19_284_1.webp
本誌_高校リード_英文法B.pdf,"文法, 語句・単語?",記述式,"接続詞 > 接続詞,関係代名詞 > 関係代名詞,接続詞 > 接続詞,前置詞 > 前置詞,接続詞 > 接続詞",19_285_1.webp
本誌_高校リード_英文法B.pdf,要点整理?,,接続詞 > 接続詞,19_286_1.webp
本誌_高校リード_英文法B.pdf,文法,記述式,関係代名詞 > 関係代名詞,19_287_1.webp
本誌_高校リード_英文法B.pdf,要点整理?,,疑問文と疑問詞 > 間接疑問,19_288_1.webp
本誌_高校リード_英文法B.pdf,文法,記述式,疑問文と疑問詞 > 間接疑問,19_289_1.webp
本誌_高校リード_英文法B.pdf,要点整理?,,"接続詞 > 接続詞, 接続詞 > 接続詞を含む表現",19_290_1.webp
本誌_高校リード_英文法B.pdf,"文法, 語句・単語?",記述式,接続詞 > 接続詞,19_291_1.webp
本誌_高校リード_英文法B.pdf,文法,記述式,"接続詞 > 接続詞,接続詞 > 接続詞,接続詞 > 接続詞,接続詞 > 接続詞,関係代名詞 > 関係代名詞",19_292_1.webp
本誌_高校リード_英文法B.pdf,"文法, 語句・単語?",記述式,"接続詞 > 接続詞, 前置詞 > 前置詞, 分詞 > 現在分詞・過去分詞の後置修飾",19_293_1.webp
本誌_高校リード_英文法B.pdf,"文法, 語句・単語?",選択式,関係代名詞 > 関係代名詞,19_294_1.webp
本誌_高校リード_英文法B.pdf,文法,記述式,疑問文と疑問詞 > 間接疑問,19_295_1.webp
本誌_高校リード_英文法B.pdf,"文法, 語句・単語?",選択式,疑問文と疑問詞 > 間接疑問,19_296_1.webp
本誌_高校リード_英文法B.pdf,"文法, 語句・単語?",記述式,"接続詞 > 接続詞,関係代名詞 > 関係代名詞,接続詞 > 接続詞",19_297_1.webp
本誌_高校リード_英文法B.pdf,"文法, 言い換え?, 語句・単語?",記述式,"接続詞 > 接続詞,関係代名詞 > 関係代名詞,接続詞 > 接続詞",19_298_1.webp
本誌_高校リード_英文法B.pdf,"文法, 語句・単語?",選択式,"接続詞 > 接続詞,関係代名詞 > 関係代名詞,接続詞 > 接続詞,仮定法 > as if 〜",19_299_1.webp
本誌_高校リード_英文法B.pdf,"文法, 言い換え?, 語句・単語?",記述式,"接続詞 > 接続詞,接続詞 > 接続詞,関係代名詞 > 関係代名詞",19_300_1.webp
本誌_高校リード_英文法B.pdf,文法,記述式,"接続詞 > 接続詞,接続詞 > 接続詞",19_301_1.webp
本誌_高校リード_英文法B.pdf,"文法, 和文英訳?",記述式,接続詞 > 接続詞,19_302_1.webp
本誌_高校リード_英文法B.pdf,"文法, 語句・単語?, 和文英訳?",選択式,"関係代名詞 > 関係代名詞,接続詞 > 接続詞,関係代名詞 > 関係代名詞,接続詞 > 接続詞",19_303_1.webp
本誌_高校リード_英文法B.pdf,"文法, 語句・単語?",選択式,"関係代名詞 > 関係代名詞,関係副詞 > 関係副詞,関係副詞 > the wayの表現,関係副詞 > 関係副詞,関係代名詞 > 関係代名詞が前置詞の目的語",19_304_1.webp
本誌_高校リード_英文法B.pdf,"文法, 語句・単語?",選択式,"関係代名詞 > 関係代名詞,疑問文と疑問詞 > 疑問詞,関係副詞 > 関係副詞,接続詞 > 接続詞",19_305_1.webp
本誌_高校リード_英文法B.pdf,文法,記述式,"接続詞 > 接続詞,関係代名詞 > 複合関係代名詞,関係代名詞 > 関係代名詞,関係副詞 > the wayの表現,接続詞 > 接続詞",19_306_1.webp
本誌_高校リード_英文法B.pdf,"文法, 和文英訳?, 英文和訳?",記述式,"関係副詞 > 関係副詞,疑問文と疑問詞 > 疑問詞,疑問文と疑問詞 > 疑問詞",19_307_1.webp
本誌_高校リード_英文法B.pdf,要点整理?,,"不定詞 > 名詞的用法, 動名詞 > 動名詞の用法, 分詞 > 現在分詞・過去分詞の前置修飾, 分詞 > 現在分詞・過去分詞の後置修飾, 前置詞 > 前置詞を含む表現, 分詞 > 分詞構文の形, 関係代名詞 > 関係代名詞, 関係代名詞 > 複合関係代名詞, 接続詞 > 接続詞, 疑問文と疑問詞 > 間接疑問",19_308_1.webp
本誌_高校リード_英文法B.pdf,要点整理?,,"不定詞 > 名詞的用法, 動名詞 > 動名詞の用法, 関係代名詞 > 関係代名詞, 疑問文と疑問詞 > 間接疑問, 関係代名詞 > 複合関係代名詞",19_309_1.webp
本誌_高校リード_英文法B.pdf,要点整理?,,"不定詞 > 名詞的用法, 動名詞 > 動名詞の用法, 関係代名詞 > 関係代名詞, 疑問文と疑問詞 > 間接疑問, 関係代名詞 > 複合関係代名詞, 前置詞 > 前置詞を含む表現",19_310_1.webp
本誌_高校リード_英文法B.pdf,要点整理?,,"不定詞 > 名詞的用法, 動名詞 > 動名詞の用法, 関係代名詞 > 関係代名詞, 疑問文と疑問詞 > 間接疑問, 関係代名詞 > 複合関係代名詞, 前置詞 > 前置詞を含む表現",19_311_1.webp
本誌_高校リード_英文法B.pdf,要点整理?,,"不定詞 > 名詞的用法, 動名詞 > 動名詞の用法, 関係代名詞 > 関係代名詞, 疑問文と疑問詞 > 間接疑問, 関係代名詞 > 複合関係代名詞, 前置詞 > 前置詞を含む表現",19_312_1.webp
本誌_高校リード_英文法B.pdf,要点整理?,,"不定詞 > 名詞的用法, 動名詞 > 動名詞の用法, 関係代名詞 > 関係代名詞, 疑問文と疑問詞 > 間接疑問, 関係代名詞 > 複合関係代名詞, 前置詞 > 前置詞を含む表現",19_313_1.webp
本誌_高校リード_英文法B.pdf,要点整理?,,"不定詞 > 副詞的用法, 分詞 > 分詞構文の形, 前置詞 > 前置詞を含む表現, 関係代名詞 > 複合関係代名詞, 接続詞 > 接続詞",19_314_1.webp
本誌_高校リード_英文法B.pdf,要点整理?,,"不定詞 > 名詞的用法, 動名詞 > 動名詞の用法, 分詞 > 現在分詞・過去分詞の前置修飾, 分詞 > 現在分詞・過去分詞の後置修飾, 前置詞 > 前置詞を含む表現, 分詞 > 分詞構文の形, 関係代名詞 > 関係代名詞, 関係代名詞 > 複合関係代名詞, 接続詞 > 接続詞, 疑問文と疑問詞 > 間接疑問, 不定詞 > 副詞的用法",19_315_1.webp
本誌_高校リード_英文法B.pdf,文法,記述式,"不定詞 > 名詞的用法, 代名詞 > 形式主語it, 疑問文と疑問詞 > 疑問詞",19_316_1.webp
本誌_高校リード_英文法B.pdf,文法,記述式,"接続詞 > 接続詞, 関係代名詞 > 複合関係代名詞, 疑問文と疑問詞 > 間接疑問, 関係代名詞 > 関係代名詞",19_317_1.webp
本誌_高校リード_英文法B.pdf,"文法, 言い換え?, 語句・単語?",記述式,"特殊構文 > 名詞構文, 前置詞 > 前置詞, 代名詞 > 形式主語it",19_318_1.webp
本誌_高校リード_英文法B.pdf,"文法, 語句・単語?",記述式,"分詞 > 現在分詞・過去分詞の後置修飾, 関係代名詞 > 関係代名詞, 不定詞 > 形容詞的用法",19_319_1.webp
本誌_高校リード_英文法B.pdf,"文法, 語句・単語?",選択式,"関係代名詞 > 関係代名詞, 接続詞 > 接続詞",19_320_1.webp
本誌_高校リード_英文法B.pdf,"文法, 語句・単語?",選択式,"前置詞 > 前置詞, 接続詞 > 接続詞",19_321_1.webp
本誌_高校リード_英文法B.pdf,"文法, 言い換え?, 語句・単語?",記述式,"分詞 > 分詞構文の形, 前置詞 > 前置詞を含む表現, 接続詞 > 接続詞",19_322_1.webp
本誌_高校リード_英文法B.pdf,"文法, 言い換え?",記述式,"関係代名詞 > 関係代名詞, 接続詞 > 接続詞, 前置詞 > 前置詞を含む表現, 不定詞 > 不定詞の意味上の主語, 動名詞 > 動詞の目的語が動名詞か不定詞か, 連語・慣用表現 > 連語・慣用表現, 特殊構文 > 名詞構文",19_323_1.webp
本誌_高校リード_英文法B.pdf,"文法, 言い換え?",記述式,"接続詞 > 接続詞, 不定詞 > 不定詞の意味上の主語, 関係代名詞 > 関係代名詞, 分詞 > 現在分詞・過去分詞の後置修飾",19_324_1.webp
本誌_高校リード_英文法B.pdf,"文法, 言い換え?",記述式,"不定詞 > 名詞的用法, 不定詞 > 形容詞的用法, 分詞 > 現在分詞・過去分詞の後置修飾, 関係代名詞 > 関係代名詞, 接続詞 > 接続詞",19_325_1.webp
本誌_高校リード_英文法B.pdf,"文法, 和文英訳?",記述式,"疑問文と疑問詞 > 間接疑問, 副詞 > 副詞, 接続詞 > 接続詞, 関係代名詞 > 関係代名詞の非制限用法, 関係代名詞 > 関係代名詞",19_326_1.webp
本誌_高校リード_英文法B.pdf,要点整理?,,"比較 > 比較級, 比較 > 最上級",19_327_1.webp
本誌_高校リード_英文法B.pdf,"文法, 語句・単語?",記述式,"比較 > 比較級,比較 > 最上級",19_328_1.webp
本誌_高校リード_英文法B.pdf,要点整理?,,"比較 > 原級, 比較 > 原級を含む重要表現",19_329_1.webp
本誌_高校リード_英文法B.pdf,文法,記述式,比較 > 原級,19_330_1.webp
本誌_高校リード_英文法B.pdf,要点整理?,,"比較 > 比較級, 比較 > 比較級を含む重要表現",19_331_1.webp
本誌_高校リード_英文法B.pdf,文法,記述式,比較 > 比較級を含む重要表現,19_332_1.webp
本誌_高校リード_英文法B.pdf,要点整理?,,"比較 > 最上級, 比較 > 最上級を含む重要表現",19_333_1.webp
本誌_高校リード_英文法B.pdf,文法,記述式,比較 > 最上級を含む重要表現,19_334_1.webp
本誌_高校リード_英文法B.pdf,要点整理?,,"比較 > 原級を含む重要表現, 比較 > 最上級の意味を表す比較級・原級の文",19_335_1.webp
本誌_高校リード_英文法B.pdf,文法,記述式,比較 > 最上級の意味を表す比較級・原級の文,19_336_1.webp
本誌_高校リード_英文法B.pdf,文法,記述式,比較 > 比較級,19_337_1.webp
本誌_高校リード_英文法B.pdf,"文法, 語句・単語?",記述式,比較 > 原級,19_338_1.webp
本誌_高校リード_英文法B.pdf,"文法, 語句・単語?",記述式,比較 > 比較級を含む重要表現,19_339_1.webp
本誌_高校リード_英文法B.pdf,"文法, 語句・単語?",記述式,比較 > 比較級を含む重要表現,19_340_1.webp
本誌_高校リード_英文法B.pdf,"文法, 英文和訳?",記述式,比較 > 最上級を含む重要表現,19_341_1.webp
本誌_高校リード_英文法B.pdf,"文法, 語句・単語?",記述式,比較 > 比較級・最上級を修飾する語句,19_342_1.webp
本誌_高校リード_英文法B.pdf,"文法, 言い換え?",記述式,比較 > 最上級の意味を表す比較級・原級の文,19_343_1.webp
本誌_高校リード_英文法B.pdf,"文法, 語句・単語?",選択式,"比較 > 比較級,比較 > 原級,比較 > 比較級・最上級を修飾する語句,比較 > 倍数表現",19_344_1.webp
本誌_高校リード_英文法B.pdf,"文法, 語句・単語?",記述式,"比較 > 比較級・最上級を修飾する語句,比較 > 比較級を含む重要表現,比較 > 倍数表現",19_345_1.webp
本誌_高校リード_英文法B.pdf,"文法, 言い換え?",記述式,"比較 > 原級,比較 > 比較級を含む重要表現",19_346_1.webp
本誌_高校リード_英文法B.pdf,文法,記述式,"比較 > 原級,比較 > 比較級",19_347_1.webp
本誌_高校リード_英文法B.pdf,"文法, 言い換え?",記述式,"比較 > 倍数表現,比較 > 最上級",19_348_1.webp
本誌_高校リード_英文法B.pdf,文法,記述式,比較 > 比較級・最上級を修飾する語句,19_349_1.webp
本誌_高校リード_英文法B.pdf,"文法, 和文英訳?",記述式,"比較 > 比較級を含む重要表現,比較 > 倍数表現",19_350_1.webp
本誌_高校リード_英文法B.pdf,要点整理?,,仮定法 > 仮定法過去,19_351_1.webp
本誌_高校リード_英文法B.pdf,"文法, 語句・単語?",記述式,仮定法 > 仮定法過去,19_352_1.webp
本誌_高校リード_英文法B.pdf,要点整理?,,仮定法 > 仮定法過去完了,19_353_1.webp
本誌_高校リード_英文法B.pdf,文法,選択式,仮定法 > 仮定法過去完了,19_354_1.webp
本誌_高校リード_英文法B.pdf,要点整理?,,"""仮定法 > were to 〜, should 〜""",19_355_1.webp
本誌_高校リード_英文法B.pdf,"文法, 英文和訳?",記述式,"""仮定法 > were to 〜, should 〜""",19_356_1.webp
本誌_高校リード_英文法B.pdf,要点整理?,,仮定法 > ifを省略した仮定法,19_357_1.webp
本誌_高校リード_英文法B.pdf,文法,記述式,仮定法 > ifを省略した仮定法,19_358_1.webp
本誌_高校リード_英文法B.pdf,要点整理?,,仮定法 > if節に代わる仮定法の表現,19_359_1.webp
本誌_高校リード_英文法B.pdf,要点整理?,,"仮定法 > 仮定法を含む慣用表現, 仮定法 > I wish＋仮定法過去, 仮定法 > I wish＋仮定法過去完了, 仮定法 > as if 〜",19_360_1.webp
本誌_高校リード_英文法B.pdf,"文法, 語句・単語?",記述式,仮定法 > 仮定法を含む慣用表現,19_361_1.webp
本誌_高校リード_英文法B.pdf,要点整理?,,仮定法 > 仮定法現在,19_362_1.webp
本誌_高校リード_英文法B.pdf,"文法, 語句・単語?",記述式,仮定法 > 仮定法現在,19_363_1.webp
本誌_高校リード_英文法B.pdf,文法,記述式,仮定法 > 仮定法過去,19_364_1.webp
本誌_高校リード_英文法B.pdf,文法,記述式,仮定法 > 仮定法過去完了,19_365_1.webp
本誌_高校リード_英文法B.pdf,文法,記述式,"""仮定法 > were to 〜, should 〜""",19_366_1.webp
本誌_高校リード_英文法B.pdf,"文法, 言い換え?",記述式,仮定法 > ifを省略した仮定法,19_367_1.webp
本誌_高校リード_英文法B.pdf,"文法, 言い換え?",記述式,仮定法 > 仮定法を含む慣用表現,19_368_1.webp
本誌_高校リード_英文法B.pdf,"文法, 言い換え?",記述式,仮定法 > 仮定法現在,19_369_1.webp
本誌_高校リード_英文法B.pdf,"文法, 英文和訳?",記述式,仮定法 > 仮定法を含む慣用表現,19_370_1.webp
本誌_高校リード_英文法B.pdf,"文法, 語句・単語?",選択式,"仮定法 > 仮定法過去,仮定法 > 仮定法過去完了",19_371_1.webp
本誌_高校リード_英文法B.pdf,"文法, 語句・単語?",記述式,"仮定法 > if節に代わる仮定法の表現,仮定法 > 仮定法過去,仮定法 > 仮定法過去完了",19_372_1.webp
本誌_高校リード_英文法B.pdf,"文法, 言い換え?",記述式,"仮定法 > 仮定法過去,仮定法 > 仮定法過去完了",19_373_1.webp
本誌_高校リード_英文法B.pdf,"文法, 言い換え?",記述式,"仮定法 > ifを省略した仮定法,仮定法 > 仮定法を含む慣用表現",19_374_1.webp
本誌_高校リード_英文法B.pdf,"文法, 語句・単語?",記述式,"仮定法 > 仮定法過去,仮定法 > 仮定法過去完了",19_375_1.webp
本誌_高校リード_英文法B.pdf,文法,記述式,"仮定法 > I wish＋仮定法過去,仮定法 > 仮定法過去完了",19_376_1.webp
本誌_高校リード_英文法B.pdf,要点整理?,,動詞と時制 > 時制の一致,19_377_1.webp
本誌_高校リード_英文法B.pdf,"文法, 語句・単語?",記述式,動詞と時制 > 時制の一致,19_378_1.webp
本誌_高校リード_英文法B.pdf,要点整理?,,"話法 > 直接話法, 話法 > 間接話法",19_379_1.webp
本誌_高校リード_英文法B.pdf,"文法, 語句・単語?",記述式,"話法 > 直接話法,話法 > 間接話法",19_380_1.webp
本誌_高校リード_英文法B.pdf,要点整理?,,"話法 > 直接話法, 話法 > 間接話法, 文の種類と文構造 > 命令文, 文の種類と文構造 > Let's 〜の表現, 文の種類と文構造 > 感嘆文",19_381_1.webp
本誌_高校リード_英文法B.pdf,"文法, 言い換え?",記述式,"文の種類と文構造 > 命令文,文の種類と文構造 > 感嘆文",19_382_1.webp
本誌_高校リード_英文法B.pdf,文法,選択式,動詞と時制 > 時制の一致,19_383_1.webp
本誌_高校リード_英文法B.pdf,文法,記述式,動詞と時制 > 時制の一致,19_384_1.webp
本誌_高校リード_英文法B.pdf,文法,記述式,"話法 > 直接話法,話法 > 間接話法",19_385_1.webp
本誌_高校リード_英文法B.pdf,文法,記述式,"話法 > 直接話法,話法 > 間接話法",19_386_1.webp
本誌_高校リード_英文法B.pdf,"文法, 言い換え?",記述式,"話法 > 直接話法,話法 > 間接話法",19_387_1.webp
本誌_高校リード_英文法B.pdf,"文法, 言い換え?",記述式,"話法 > 直接話法,話法 > 間接話法",19_388_1.webp
本誌_高校リード_英文法B.pdf,"文法, 言い換え?",記述式,"話法 > 直接話法,話法 > 間接話法",19_389_1.webp
本誌_高校リード_英文法B.pdf,"文法, 言い換え?",記述式,"話法 > 直接話法,話法 > 間接話法",19_390_1.webp
本誌_高校リード_英文法B.pdf,"文法, 言い換え?",記述式,文の種類と文構造 > 感嘆文,19_391_1.webp
本誌_高校リード_英文法B.pdf,文法,記述式,話法 > 間接話法,19_392_1.webp
本誌_高校リード_英文法B.pdf,"文法, 言い換え?",記述式,"話法 > 直接話法,話法 > 間接話法",19_393_1.webp
本誌_高校リード_英文法B.pdf,文法,記述式,"話法 > 直接話法,話法 > 間接話法",19_394_1.webp
本誌_高校リード_英文法B.pdf,文法,記述式,話法 > 間接話法,19_395_1.webp
本誌_高校リード_英文法B.pdf,"文法, 言い換え?",記述式,話法 > 直接話法,19_396_1.webp
本誌_高校リード_英文法B.pdf,"文法, 言い換え?",記述式,"話法 > 直接話法,話法 > 間接話法",19_397_1.webp
本誌_高校リード_英文法B.pdf,文法,記述式,"動詞と時制 > 時制の一致,話法 > 間接話法,話法 > 直接話法",19_398_1.webp
本誌_高校リード_英文法B.pdf,要点整理?,,"否定 > 強い否定, 否定 > 部分否定",19_399_1.webp
本誌_高校リード_英文法B.pdf,文法,記述式,"否定 > 強い否定,否定 > 部分否定",19_400_1.webp
本誌_高校リード_英文法B.pdf,要点整理?,,"否定 > 準否定, 否定 > 二重否定, 否定 > 否定の慣用表現",19_401_1.webp
本誌_高校リード_英文法B.pdf,文法,記述式,否定 > 否定の慣用表現,19_402_1.webp
本誌_高校リード_英文法B.pdf,文法,選択式,否定 > 否定の慣用表現,19_403_1.webp
本誌_高校リード_英文法B.pdf,"文法, 英文和訳?",記述式,否定 > 否定の慣用表現,19_404_1.webp
本誌_高校リード_英文法B.pdf,"文法, 英文和訳?",記述式,"否定 > 強い否定,否定 > 部分否定",19_405_1.webp
本誌_高校リード_英文法B.pdf,"文法, 語句・単語?",記述式,否定 > 準否定,19_406_1.webp
本誌_高校リード_英文法B.pdf,"文法, 言い換え?",選択式,否定 > 二重否定,19_407_1.webp
本誌_高校リード_英文法B.pdf,文法,選択式,否定 > 否定の慣用表現,19_408_1.webp
本誌_高校リード_英文法B.pdf,文法,記述式,否定 > 否定の慣用表現,19_409_1.webp
本誌_高校リード_英文法B.pdf,文法,記述式,否定 > 否定の慣用表現,19_410_1.webp
本誌_高校リード_英文法B.pdf,"文法, 語句・単語?",選択式,否定 > 強い否定,19_411_1.webp
本誌_高校リード_英文法B.pdf,"文法, 言い換え?",記述式,"否定 > 否定の慣用表現,否定 > 強い否定",19_412_1.webp
本誌_高校リード_英文法B.pdf,文法,記述式,"否定 > 二重否定,否定 > 否定の慣用表現",19_413_1.webp
本誌_高校リード_英文法B.pdf,文法,記述式,"否定 > 強い否定,否定 > 否定の慣用表現",19_414_1.webp
本誌_高校リード_英文法B.pdf,文法,記述式,否定 > 準否定,19_415_1.webp
本誌_高校リード_英文法B.pdf,"文法, 和文英訳?",記述式,否定 > 否定の慣用表現,19_416_1.webp
本誌_高校リード_英文法B.pdf,要点整理?,,特殊構文 > 強調,19_417_1.webp
本誌_高校リード_英文法B.pdf,"文法, 語句・単語?",記述式,特殊構文 > 強調,19_418_1.webp
本誌_高校リード_英文法B.pdf,要点整理?,,特殊構文 > 倒置,19_419_1.webp
本誌_高校リード_英文法B.pdf,文法,記述式,特殊構文 > 倒置,19_420_1.webp
本誌_高校リード_英文法B.pdf,要点整理?,,"特殊構文 > 同格, 特殊構文 > 省略, 特殊構文 > 挿入",19_421_1.webp
本誌_高校リード_英文法B.pdf,"文法, 英文和訳?",記述式,"特殊構文 > 同格,特殊構文 > 省略,特殊構文 > 挿入",19_422_1.webp
本誌_高校リード_英文法B.pdf,要点整理?,,"特殊構文 > 名詞構文, 特殊構文 > 無生物主語構文",19_423_1.webp
本誌_高校リード_英文法B.pdf,文法,記述式,"特殊構文 > 名詞構文,特殊構文 > 無生物主語構文",19_424_1.webp
本誌_高校リード_英文法B.pdf,文法,記述式,特殊構文 > 強調,19_425_1.webp
本誌_高校リード_英文法B.pdf,文法,記述式,特殊構文 > 倒置,19_426_1.webp
本誌_高校リード_英文法B.pdf,"文法, 英文和訳?",記述式,特殊構文 > 同格,19_427_1.webp
本誌_高校リード_英文法B.pdf,"文法, 語句・単語?",記述式,特殊構文 > 省略,19_428_1.webp
本誌_高校リード_英文法B.pdf,文法,記述式,特殊構文 > 挿入,19_429_1.webp
本誌_高校リード_英文法B.pdf,"文法, 言い換え?",記述式,特殊構文 > 名詞構文,19_430_1.webp
本誌_高校リード_英文法B.pdf,"文法, 言い換え?",記述式,特殊構文 > 無生物主語構文,19_431_1.webp
本誌_高校リード_英文法B.pdf,"文法, 英文和訳?",記述式,特殊構文 > 無生物主語構文,19_432_1.webp
本誌_高校リード_英文法B.pdf,文法,選択式,"特殊構文 > 倒置,特殊構文 > 無生物主語構文",19_433_1.webp
本誌_高校リード_英文法B.pdf,"文法, 言い換え?",記述式,"特殊構文 > 無生物主語構文,特殊構文 > 強調",19_434_1.webp
本誌_高校リード_英文法B.pdf,文法,記述式,"特殊構文 > 倒置,特殊構文 > 強調,特殊構文 > 省略,特殊構文 > 無生物主語構文,特殊構文 > 同格",19_435_1.webp
本誌_高校リード_英文法B.pdf,"文法, 言い換え?",記述式,特殊構文 > 倒置,19_436_1.webp
本誌_高校リード_英文法B.pdf,"文法, 語句・単語?",記述式,特殊構文 > 倒置,19_437_1.webp
本誌_高校リード_英文法B.pdf,"文法, 語句・単語?",選択式,"比較 > 比較級,比較 > 最上級,否定 > 部分否定",19_438_1.webp
本誌_高校リード_英文法B.pdf,"文法, 言い換え?",記述式,"仮定法 > 仮定法過去完了,話法 > 間接話法,特殊構文 > 強調,比較 > 原級",19_439_1.webp
本誌_高校リード_英文法B.pdf,文法,記述式,"比較 > 比較級,特殊構文 > 倒置,仮定法 > 仮定法過去,特殊構文 > 名詞構文",19_440_1.webp
本誌_高校リード_英文法B.pdf,文法,記述式,"比較 > 最上級,仮定法 > 仮定法過去,特殊構文 > 強調,比較 > 比較級",19_441_1.webp
本誌_高校リード_英文法B.pdf,"文法, 英文和訳?",記述式,"仮定法 > 仮定法過去完了,比較 > 比較級を含む重要表現,否定 > 強い否定,話法 > 間接話法",19_442_1.webp
本誌_高校リード_英文法B.pdf,"文法, 和文英訳?",記述式,"特殊構文 > 無生物主語構文,比較 > 比較級",19_443_1.webp
本誌_高校リード_英文法B.pdf,要点整理?,,"名詞 > 名詞, 冠詞 > 冠詞",19_444_1.webp
本誌_高校リード_英文法B.pdf,"文法, 語句・単語?",記述式,名詞 > 名詞,19_445_1.webp
本誌_高校リード_英文法B.pdf,要点整理?,,名詞 > 名詞,19_446_1.webp
本誌_高校リード_英文法B.pdf,"文法, 語句・単語?",記述式,名詞 > 名詞,19_447_1.webp
本誌_高校リード_英文法B.pdf,要点整理?,,冠詞 > 冠詞,19_448_1.webp
本誌_高校リード_英文法B.pdf,要点整理?,,冠詞 > 冠詞,19_449_1.webp
本誌_高校リード_英文法B.pdf,"文法, 語句・単語?",記述式,"冠詞 > 冠詞,冠詞 > 冠詞",19_450_1.webp
本誌_高校リード_英文法B.pdf,要点整理?,,冠詞 > 冠詞,19_451_1.webp
本誌_高校リード_英文法B.pdf,"文法, 語句・単語?",記述式,冠詞 > 冠詞,19_452_1.webp
本誌_高校リード_英文法B.pdf,"文法, 語句・単語?",選択式,冠詞 > 冠詞,19_453_1.webp
本誌_高校リード_英文法B.pdf,文法,記述式,"名詞 > 名詞,名詞 > 名詞",19_454_1.webp
本誌_高校リード_英文法B.pdf,文法,記述式,"冠詞 > 冠詞,冠詞 > 冠詞",19_455_1.webp
本誌_高校リード_英文法B.pdf,文法,記述式,"冠詞 > 冠詞,冠詞 > 冠詞,冠詞 > 冠詞",19_456_1.webp
本誌_高校リード_英文法B.pdf,文法,記述式,"冠詞 > 冠詞,冠詞 > 冠詞,冠詞 > 冠詞",19_457_1.webp
本誌_高校リード_英文法B.pdf,文法,記述式,"名詞 > 名詞,冠詞 > 冠詞",19_458_1.webp
本誌_高校リード_英文法B.pdf,文法,記述式,"冠詞 > 冠詞,名詞 > 名詞,名詞 > 名詞",19_459_1.webp
本誌_高校リード_英文法B.pdf,文法,記述式,"名詞 > 名詞,名詞 > 名詞,冠詞 > 冠詞",19_460_1.webp
本誌_高校リード_英文法B.pdf,文法,記述式,"冠詞 > 冠詞,名詞 > 名詞,名詞 > 名詞",19_461_1.webp
本誌_高校リード_英文法B.pdf,要点整理?,,"代名詞 > 人称代名詞, 代名詞 > 再帰代名詞, 代名詞 > itの特別用法",19_462_1.webp
本誌_高校リード_英文法B.pdf,要点整理?,,代名詞 > 指示代名詞,19_463_1.webp
本誌_高校リード_英文法B.pdf,文法,記述式,代名詞 > 指示代名詞,19_464_1.webp
本誌_高校リード_英文法B.pdf,要点整理?,,代名詞 > 不定代名詞,19_465_1.webp
本誌_高校リード_英文法B.pdf,"文法, 語句・単語?",選択式,"代名詞 > 人称代名詞,代名詞 > 不定代名詞,代名詞 > 指示代名詞",19_466_1.webp
本誌_高校リード_英文法B.pdf,"文法, 語句・単語?",選択式,代名詞 > 人称代名詞,19_467_1.webp
本誌_高校リード_英文法B.pdf,文法,記述式,"代名詞 > 不定代名詞,代名詞 > 人称代名詞,代名詞 > itの特別用法",19_468_1.webp
本誌_高校リード_英文法B.pdf,"文法, 言い換え?",記述式,代名詞 > itの特別用法,19_469_1.webp
本誌_高校リード_英文法B.pdf,文法,記述式,代名詞 > 指示代名詞,19_470_1.webp
本誌_高校リード_英文法B.pdf,文法,記述式,"代名詞 > 指示代名詞,代名詞 > 不定代名詞",19_471_1.webp
本誌_高校リード_英文法B.pdf,文法,記述式,代名詞 > 不定代名詞,19_472_1.webp
本誌_高校リード_英文法B.pdf,文法,記述式,代名詞 > 不定代名詞,19_473_1.webp
本誌_高校リード_英文法B.pdf,"文法, 語句・単語?",記述式,"代名詞 > itの特別用法,代名詞 > 指示代名詞,代名詞 > 人称代名詞,代名詞 > 不定代名詞",19_474_1.webp
本誌_高校リード_英文法B.pdf,"文法, 言い換え?",記述式,"代名詞 > 人称代名詞,代名詞 > 指示代名詞",19_475_1.webp
本誌_高校リード_英文法B.pdf,文法,記述式,"代名詞 > 人称代名詞,代名詞 > itの特別用法,代名詞 > 不定代名詞",19_476_1.webp
本誌_高校リード_英文法B.pdf,文法,記述式,"代名詞 > 不定代名詞,代名詞 > 指示代名詞,代名詞 > itの特別用法",19_477_1.webp
本誌_高校リード_英文法B.pdf,要点整理?,,形容詞 > 形容詞,19_478_1.webp
本誌_高校リード_英文法B.pdf,"文法, 語句・単語?",記述式,"形容詞 > 形容詞,形容詞 > 形容詞",19_479_1.webp
本誌_高校リード_英文法B.pdf,要点整理?,,形容詞 > 形容詞,19_480_1.webp
本誌_高校リード_英文法B.pdf,要点整理?,,副詞 > 副詞,19_481_1.webp
本誌_高校リード_英文法B.pdf,"文法, 語句・単語?",記述式,"副詞 > 副詞,副詞 > 副詞",19_482_1.webp
本誌_高校リード_英文法B.pdf,文法,記述式,"形容詞 > 形容詞,形容詞 > 形容詞,形容詞 > 形容詞,副詞 > 副詞",19_483_1.webp
本誌_高校リード_英文法B.pdf,文法,選択式,形容詞 > 形容詞,19_484_1.webp
本誌_高校リード_英文法B.pdf,文法,記述式,"副詞 > 副詞,形容詞 > 形容詞,副詞 > 副詞",19_485_1.webp
本誌_高校リード_英文法B.pdf,文法,記述式,形容詞 > 形容詞,19_486_1.webp
本誌_高校リード_英文法B.pdf,文法,選択式,"副詞 > 副詞,副詞 > 副詞",19_487_1.webp
本誌_高校リード_英文法B.pdf,文法,記述式,"副詞 > 副詞,形容詞 > 形容詞,副詞 > 副詞",19_488_1.webp
本誌_高校リード_英文法B.pdf,文法,記述式,"副詞 > 副詞,副詞 > 副詞,副詞 > 副詞",19_489_1.webp
本誌_高校リード_英文法B.pdf,文法,記述式,"副詞 > 副詞,形容詞 > 形容詞",19_490_1.webp
本誌_高校リード_英文法B.pdf,文法,選択式,"形容詞 > 形容詞,形容詞 > 形容詞,副詞 > 副詞,形容詞 > 形容詞",19_491_1.webp
本誌_高校リード_英文法B.pdf,"文法, 言い換え?",記述式,"副詞 > 副詞,形容詞 > 形容詞,副詞 > 副詞",19_492_1.webp
本誌_高校リード_英文法B.pdf,"文法, 言い換え?",選択式,"副詞 > 副詞,連語・慣用表現 > 連語・慣用表現",19_493_1.webp
本誌_高校リード_英文法B.pdf,文法,選択式,"副詞 > 副詞,形容詞 > 形容詞,形容詞 > 形容詞",19_494_1.webp
本誌_高校リード_英文法B.pdf,文法,記述式,"副詞 > 副詞,形容詞 > 形容詞",19_495_1.webp
本誌_高校リード_英文法B.pdf,要点整理?,,前置詞 > 前置詞,19_496_1.webp
本誌_高校リード_英文法B.pdf,"文法, 語句・単語?",記述式,"前置詞 > 前置詞,前置詞 > 前置詞,前置詞 > 前置詞,接続詞 > 接続詞,前置詞 > 前置詞",19_497_1.webp
本誌_高校リード_英文法B.pdf,要点整理?,,前置詞 > 前置詞,19_498_1.webp
本誌_高校リード_英文法B.pdf,"文法, 語句・単語?",選択式,"前置詞 > 前置詞,前置詞 > 前置詞,前置詞 > 前置詞",19_499_1.webp
本誌_高校リード_英文法B.pdf,要点整理?,,"前置詞 > 前置詞, 前置詞 > 前置詞を含む表現",19_500_1.webp
本誌_高校リード_英文法B.pdf,"文法, 語句・単語?",記述式,"前置詞 > 前置詞,前置詞 > 前置詞,前置詞 > 前置詞",19_501_1.webp
本誌_高校リード_英文法B.pdf,要点整理?,,"前置詞 > 前置詞, 前置詞 > 前置詞を含む表現",19_502_1.webp
本誌_高校リード_英文法B.pdf,"文法, 語句・単語?",記述式,"前置詞 > 前置詞,接続詞 > 接続詞,前置詞 > 前置詞,前置詞 > 前置詞",19_503_1.webp
本誌_高校リード_英文法B.pdf,文法,記述式,"前置詞 > 前置詞,前置詞 > 前置詞,接続詞 > 接続詞,前置詞 > 前置詞,前置詞 > 前置詞",19_504_1.webp
本誌_高校リード_英文法B.pdf,文法,記述式,"前置詞 > 前置詞,前置詞 > 前置詞,前置詞 > 前置詞,前置詞 > 前置詞,前置詞 > 前置詞",19_505_1.webp
本誌_高校リード_英文法B.pdf,文法,選択式,"前置詞 > 前置詞,前置詞 > 前置詞,前置詞 > 前置詞",19_506_1.webp
本誌_高校リード_英文法B.pdf,文法,記述式,"前置詞 > 前置詞,前置詞 > 前置詞,前置詞 > 前置詞,前置詞 > 前置詞",19_507_1.webp
本誌_高校リード_英文法B.pdf,文法,記述式,"前置詞 > 前置詞,前置詞 > 前置詞,前置詞 > 前置詞",19_508_1.webp
本誌_高校リード_英文法B.pdf,"文法, 言い換え?",記述式,"前置詞 > 前置詞,前置詞 > 前置詞,前置詞 > 前置詞,前置詞 > 前置詞,前置詞 > 前置詞",19_509_1.webp
本誌_高校リード_英文法B.pdf,"文法, 英文和訳?",記述式,"前置詞 > 前置詞,前置詞 > 前置詞",19_510_1.webp
本誌_高校リード_英文法B.pdf,文法,選択式,"前置詞 > 前置詞,前置詞 > 前置詞,前置詞 > 前置詞,前置詞 > 前置詞,接続詞 > 接続詞",19_511_1.webp
本誌_高校リード_英文法B.pdf,文法,選択式,"前置詞 > 前置詞,前置詞 > 前置詞,前置詞 > 前置詞,前置詞 > 前置詞",19_512_1.webp
本誌_高校リード_英文法B.pdf,"文法, 言い換え?",記述式,"接続詞 > 接続詞,前置詞 > 前置詞,前置詞 > 前置詞,前置詞 > 前置詞,前置詞 > 前置詞",19_513_1.webp
本誌_高校リード_英文法B.pdf,文法,記述式,"接続詞 > 接続詞,前置詞 > 前置詞,前置詞 > 前置詞,前置詞 > 前置詞",19_514_1.webp
本誌_高校リード_英文法B.pdf,文法,選択式,"前置詞 > 前置詞,前置詞 > 前置詞,前置詞 > 前置詞",19_515_1.webp
本誌_高校リード_英文法B.pdf,文法,記述式,"前置詞 > 前置詞,前置詞 > 前置詞,前置詞 > 前置詞,接続詞 > 接続詞",19_516_1.webp
本誌_高校リード_英文法B.pdf,文法,記述式,"前置詞 > 前置詞,接続詞 > 接続詞",19_517_1.webp
本誌_高校リード_英文法B.pdf,文法,記述式,"前置詞 > 前置詞,接続詞 > 接続詞",19_518_1.webp
本誌_高校リード_英文法B.pdf,"文法, 語句・単語?",選択式,"冠詞 > 冠詞,形容詞 > 形容詞,代名詞 > 指示代名詞,前置詞 > 前置詞",19_519_1.webp
本誌_高校リード_英文法B.pdf,文法,記述式,"名詞 > 名詞,名詞 > 名詞,副詞 > 副詞",19_520_1.webp
本誌_高校リード_英文法B.pdf,"文法, 言い換え?",記述式,"前置詞 > 前置詞,副詞 > 副詞,前置詞 > 前置詞",19_521_1.webp
本誌_高校リード_英文法B.pdf,文法,記述式,"前置詞 > 前置詞,名詞 > 名詞,名詞 > 名詞,前置詞 > 前置詞",19_522_1.webp
本誌_高校リード_英文法B.pdf,文法,記述式,"名詞 > 名詞,代名詞 > 指示代名詞,副詞 > 副詞",19_523_1.webp
本誌_高校リード_英文法B.pdf,"文法, 和文英訳?",記述式,前置詞 > 前置詞,19_524_1.webp
本誌_高校リード_英文法B.pdf,文法,選択式,"接続詞 > 接続詞,関係代名詞 > 関係代名詞,疑問文と疑問詞 > 疑問詞",19_525_1.webp
本誌_高校リード_英文法B.pdf,文法,選択式,"関係代名詞 > 複合関係代名詞,関係副詞 > 関係副詞,関係代名詞 > 関係代名詞,疑問文と疑問詞 > 疑問詞,関係副詞 > 関係副詞",19_526_1.webp
本誌_高校リード_英文法B.pdf,文法,記述式,"疑問文と疑問詞 > 疑問詞,関係副詞 > 関係副詞",19_527_1.webp
本誌_高校リード_英文法B.pdf,文法,記述式,"関係代名詞 > 複合関係代名詞,関係代名詞 > 関係代名詞,関係副詞 > the wayの表現,疑問文と疑問詞 > 疑問詞,疑問文と疑問詞 > 疑問詞",19_528_1.webp
本誌_高校リード_英文法B.pdf,文法,記述式,"関係副詞 > 関係副詞,疑問文と疑問詞 > 疑問詞,関係代名詞 > 関係代名詞",19_529_1.webp
本誌_高校リード_英文法B.pdf,"文法, 和文英訳?",記述式,"不定詞 > 形容詞的用法,不定詞 > 名詞的用法,関係副詞 > 複合関係副詞,不定詞 > 副詞的用法",19_530_1.webp
本誌_高校リード_英文法B.pdf,文法,選択式,"疑問文と疑問詞 > 疑問詞,疑問文と疑問詞 > 間接疑問,否定 > 否定の慣用表現,助動詞 > 助動詞,不定詞 > 名詞的用法",19_531_1.webp
本誌_高校リード_英文法B.pdf,"文法, 言い換え?",記述式,"動詞と時制 > 過去進行形,不定詞 > 名詞的用法,否定 > 強い否定",19_532_1.webp
本誌_高校リード_英文法B.pdf,文法,記述式,"前置詞 > 前置詞,動詞と時制 > 過去形,動詞と時制 > 現在完了形,比較 > 比較級,冠詞 > 冠詞",19_533_1.webp
本誌_高校リード_英文法B.pdf,文法,記述式,"接続詞 > 接続詞,分詞 > 現在分詞・過去分詞の後置修飾,動詞と時制 > 現在完了形,動詞と時制 > 現在進行形,関係代名詞 > 関係代名詞",19_534_1.webp
本誌_高校リード_英文法B.pdf,"文法, 和文英訳?",記述式,"接続詞 > 接続詞,助動詞 > 助動詞,疑問文と疑問詞 > 間接疑問",19_535_1.webp
本誌_高校リード_英文法B.pdf,文法,選択式,"接続詞 > 接続詞,関係代名詞 > whatを含む重要表現,連語・慣用表現 > 連語・慣用表現,分詞 > 使役動詞＋O＋分詞,仮定法 > if節に代わる仮定法の表現",19_536_1.webp
本誌_高校リード_英文法B.pdf,文法,選択式,"代名詞 > itの特別用法,動詞と時制 > 助動詞＋完了形,動詞と時制 > 未来を表す表現（will）,不定詞 > 形容詞的用法",19_537_1.webp
本誌_高校リード_英文法B.pdf,文法,記述式,"副詞 > 副詞,形容詞 > 形容詞,形容詞 > 形容詞,動詞と時制 > 現在形,名詞 > 名詞",19_538_1.webp
本誌_高校リード_英文法B.pdf,"文法, 言い換え?",記述式,"不定詞 > 名詞的用法,不定詞 > 知覚動詞＋O＋動詞の原形,動詞と時制 > 現在形,副詞 > 副詞,副詞 > 副詞",19_539_1.webp
本誌_高校リード_英文法B.pdf,"文法, 言い換え?",記述式,"疑問文と疑問詞 > 疑問詞,否定 > 強い否定,受け身 > 助動詞＋受け身,不定詞 > 使役動詞＋O＋動詞の原形,動詞と時制 > 過去完了進行形",19_540_1.webp
本誌_高校リード_英文法B.pdf,"文法, 英文和訳?",記述式,"否定 > 強い否定,仮定法 > 仮定法を含む慣用表現",19_541_1.webp
本誌_高校リード_英文法B.pdf,"文法, 和文英訳?",記述式,"前置詞 > 前置詞,動詞と時制 > 現在進行形,不定詞 > 名詞的用法",19_542_1.webp
